t,source_file
1,per_step_refined_wide_UMCP_ACTUAL_2025-09-01 2.csv
10,per_step_refined_wide_UMCP_ACTUAL_2025-09-01 2.csv
11,per_step_refined_wide_UMCP_ACTUAL_2025-09-01 2.csv
12,per_step_refined_wide_UMCP_ACTUAL_2025-09-01 2.csv
13,per_step_refined_wide_UMCP_ACTUAL_2025-09-01 2.csv
14,per_step_refined_wide_UMCP_ACTUAL_2025-09-01 2.csv
15,per_step_refined_wide_UMCP_ACTUAL_2025-09-01 2.csv
2,per_step_refined_wide_UMCP_ACTUAL_2025-09-01 2.csv
2025-08-23T00:00:00+00:00,per_step_refined_wide_UMCP_ACTUAL_2025-09-01 2.csv
3,per_step_refined_wide_UMCP_ACTUAL_2025-09-01 2.csv
4,per_step_refined_wide_UMCP_ACTUAL_2025-09-01 2.csv
5,per_step_refined_wide_UMCP_ACTUAL_2025-09-01 2.csv
6,per_step_refined_wide_UMCP_ACTUAL_2025-09-01 2.csv
7,per_step_refined_wide_UMCP_ACTUAL_2025-09-01 2.csv
8,per_step_refined_wide_UMCP_ACTUAL_2025-09-01 2.csv
9,per_step_refined_wide_UMCP_ACTUAL_2025-09-01 2.csv
idx:0,per_step_refined_wide_UMCP_ACTUAL_2025-09-01 2.csv
idx:1,per_step_refined_wide_UMCP_ACTUAL_2025-09-01 2.csv
idx:10,per_step_refined_wide_UMCP_ACTUAL_2025-09-01 2.csv
idx:100,per_step_refined_wide_UMCP_ACTUAL_2025-09-01 2.csv
idx:1000,per_step_refined_wide_UMCP_ACTUAL_2025-09-01 2.csv
idx:1001,per_step_refined_wide_UMCP_ACTUAL_2025-09-01 2.csv
idx:1002,per_step_refined_wide_UMCP_ACTUAL_2025-09-01 2.csv
idx:1003,per_step_refined_wide_UMCP_ACTUAL_2025-09-01 2.csv
idx:1004,per_step_refined_wide_UMCP_ACTUAL_2025-09-01 2.csv
idx:1005,per_step_refined_wide_UMCP_ACTUAL_2025-09-01 2.csv
idx:1006,per_step_refined_wide_UMCP_ACTUAL_2025-09-01 2.csv
idx:1007,per_step_refined_wide_UMCP_ACTUAL_2025-09-01 2.csv
idx:1008,per_step_refined_wide_UMCP_ACTUAL_2025-09-01 2.csv
idx:1009,per_step_refined_wide_UMCP_ACTUAL_2025-09-01 2.csv
idx:101,per_step_refined_wide_UMCP_ACTUAL_2025-09-01 2.csv
idx:1010,per_step_refined_wide_UMCP_ACTUAL_2025-09-01 2.csv
idx:1011,per_step_refined_wide_UMCP_ACTUAL_2025-09-01 2.csv
idx:1012,per_step_refined_wide_UMCP_ACTUAL_2025-09-01 2.csv
idx:1013,per_step_refined_wide_UMCP_ACTUAL_2025-09-01 2.csv
idx:1014,per_step_refined_wide_UMCP_ACTUAL_2025-09-01 2.csv
idx:1015,per_step_refined_wide_UMCP_ACTUAL_2025-09-01 2.csv
idx:1016,per_step_refined_wide_UMCP_ACTUAL_2025-09-01 2.csv
idx:1017,per_step_refined_wide_UMCP_ACTUAL_2025-09-01 2.csv
idx:1018,per_step_refined_wide_UMCP_ACTUAL_2025-09-01 2.csv
idx:1019,per_step_refined_wide_UMCP_ACTUAL_2025-09-01 2.csv
idx:102,per_step_refined_wide_UMCP_ACTUAL_2025-09-01 2.csv
idx:1020,per_step_refined_wide_UMCP_ACTUAL_2025-09-01 2.csv
idx:1021,per_step_refined_wide_UMCP_ACTUAL_2025-09-01 2.csv
idx:1022,per_step_refined_wide_UMCP_ACTUAL_2025-09-01 2.csv
idx:1023,per_step_refined_wide_UMCP_ACTUAL_2025-09-01 2.csv
idx:1024,per_step_refined_wide_UMCP_ACTUAL_2025-09-01 2.csv
idx:1025,per_step_refined_wide_UMCP_ACTUAL_2025-09-01 2.csv
idx:1026,per_step_refined_wide_UMCP_ACTUAL_2025-09-01 2.csv
idx:1027,per_step_refined_wide_UMCP_ACTUAL_2025-09-01 2.csv
idx:1028,per_step_refined_wide_UMCP_ACTUAL_2025-09-01 2.csv
idx:1029,per_step_refined_wide_UMCP_ACTUAL_2025-09-01 2.csv
idx:103,per_step_refined_wide_UMCP_ACTUAL_2025-09-01 2.csv
idx:1030,per_step_refined_wide_UMCP_ACTUAL_2025-09-01 2.csv
idx:1031,per_step_refined_wide_UMCP_ACTUAL_2025-09-01 2.csv
idx:1032,per_step_refined_wide_UMCP_ACTUAL_2025-09-01 2.csv
idx:1033,per_step_refined_wide_UMCP_ACTUAL_2025-09-01 2.csv
idx:1034,per_step_refined_wide_UMCP_ACTUAL_2025-09-01 2.csv
idx:1035,per_step_refined_wide_UMCP_ACTUAL_2025-09-01 2.csv
idx:1036,per_step_refined_wide_UMCP_ACTUAL_2025-09-01 2.csv
idx:1037,per_step_refined_wide_UMCP_ACTUAL_2025-09-01 2.csv
idx:1038,per_step_refined_wide_UMCP_ACTUAL_2025-09-01 2.csv
idx:1039,per_step_refined_wide_UMCP_ACTUAL_2025-09-01 2.csv
idx:104,per_step_refined_wide_UMCP_ACTUAL_2025-09-01 2.csv
idx:1040,per_step_refined_wide_UMCP_ACTUAL_2025-09-01 2.csv
idx:1041,per_step_refined_wide_UMCP_ACTUAL_2025-09-01 2.csv
idx:1042,per_step_refined_wide_UMCP_ACTUAL_2025-09-01 2.csv
idx:1043,per_step_refined_wide_UMCP_ACTUAL_2025-09-01 2.csv
idx:1044,per_step_refined_wide_UMCP_ACTUAL_2025-09-01 2.csv
idx:1045,per_step_refined_wide_UMCP_ACTUAL_2025-09-01 2.csv
idx:1046,per_step_refined_wide_UMCP_ACTUAL_2025-09-01 2.csv
idx:1047,per_step_refined_wide_UMCP_ACTUAL_2025-09-01 2.csv
idx:1048,per_step_refined_wide_UMCP_ACTUAL_2025-09-01 2.csv
idx:1049,per_step_refined_wide_UMCP_ACTUAL_2025-09-01 2.csv
idx:105,per_step_refined_wide_UMCP_ACTUAL_2025-09-01 2.csv
idx:1050,per_step_refined_wide_UMCP_ACTUAL_2025-09-01 2.csv
idx:1051,per_step_refined_wide_UMCP_ACTUAL_2025-09-01 2.csv
idx:1052,per_step_refined_wide_UMCP_ACTUAL_2025-09-01 2.csv
idx:1053,per_step_refined_wide_UMCP_ACTUAL_2025-09-01 2.csv
idx:1054,per_step_refined_wide_UMCP_ACTUAL_2025-09-01 2.csv
idx:1055,per_step_refined_wide_UMCP_ACTUAL_2025-09-01 2.csv
idx:1056,per_step_refined_wide_UMCP_ACTUAL_2025-09-01 2.csv
idx:1057,per_step_refined_wide_UMCP_ACTUAL_2025-09-01 2.csv
idx:1058,per_step_refined_wide_UMCP_ACTUAL_2025-09-01 2.csv
idx:1059,per_step_refined_wide_UMCP_ACTUAL_2025-09-01 2.csv
idx:106,per_step_refined_wide_UMCP_ACTUAL_2025-09-01 2.csv
idx:1060,per_step_refined_wide_UMCP_ACTUAL_2025-09-01 2.csv
idx:1061,per_step_refined_wide_UMCP_ACTUAL_2025-09-01 2.csv
idx:1062,per_step_refined_wide_UMCP_ACTUAL_2025-09-01 2.csv
idx:1063,per_step_refined_wide_UMCP_ACTUAL_2025-09-01 2.csv
idx:1064,per_step_refined_wide_UMCP_ACTUAL_2025-09-01 2.csv
idx:1065,per_step_refined_wide_UMCP_ACTUAL_2025-09-01 2.csv
idx:1066,per_step_refined_wide_UMCP_ACTUAL_2025-09-01 2.csv
idx:1067,per_step_refined_wide_UMCP_ACTUAL_2025-09-01 2.csv
idx:1068,per_step_refined_wide_UMCP_ACTUAL_2025-09-01 2.csv
idx:1069,per_step_refined_wide_UMCP_ACTUAL_2025-09-01 2.csv
idx:107,per_step_refined_wide_UMCP_ACTUAL_2025-09-01 2.csv
idx:1070,per_step_refined_wide_UMCP_ACTUAL_2025-09-01 2.csv
idx:1071,per_step_refined_wide_UMCP_ACTUAL_2025-09-01 2.csv
idx:1072,per_step_refined_wide_UMCP_ACTUAL_2025-09-01 2.csv
idx:1073,per_step_refined_wide_UMCP_ACTUAL_2025-09-01 2.csv
idx:1074,per_step_refined_wide_UMCP_ACTUAL_2025-09-01 2.csv
idx:1075,per_step_refined_wide_UMCP_ACTUAL_2025-09-01 2.csv
idx:1076,per_step_refined_wide_UMCP_ACTUAL_2025-09-01 2.csv
idx:1077,per_step_refined_wide_UMCP_ACTUAL_2025-09-01 2.csv
idx:1078,per_step_refined_wide_UMCP_ACTUAL_2025-09-01 2.csv
idx:1079,per_step_refined_wide_UMCP_ACTUAL_2025-09-01 2.csv
idx:108,per_step_refined_wide_UMCP_ACTUAL_2025-09-01 2.csv
idx:109,per_step_refined_wide_UMCP_ACTUAL_2025-09-01 2.csv
idx:11,per_step_refined_wide_UMCP_ACTUAL_2025-09-01 2.csv
idx:110,per_step_refined_wide_UMCP_ACTUAL_2025-09-01 2.csv
idx:111,per_step_refined_wide_UMCP_ACTUAL_2025-09-01 2.csv
idx:112,per_step_refined_wide_UMCP_ACTUAL_2025-09-01 2.csv
idx:113,per_step_refined_wide_UMCP_ACTUAL_2025-09-01 2.csv
idx:114,per_step_refined_wide_UMCP_ACTUAL_2025-09-01 2.csv
idx:115,per_step_refined_wide_UMCP_ACTUAL_2025-09-01 2.csv
idx:116,per_step_refined_wide_UMCP_ACTUAL_2025-09-01 2.csv
idx:117,per_step_refined_wide_UMCP_ACTUAL_2025-09-01 2.csv
idx:118,per_step_refined_wide_UMCP_ACTUAL_2025-09-01 2.csv
idx:119,per_step_refined_wide_UMCP_ACTUAL_2025-09-01 2.csv
idx:12,per_step_refined_wide_UMCP_ACTUAL_2025-09-01 2.csv
idx:120,per_step_refined_wide_UMCP_ACTUAL_2025-09-01 2.csv
idx:121,per_step_refined_wide_UMCP_ACTUAL_2025-09-01 2.csv
idx:122,per_step_refined_wide_UMCP_ACTUAL_2025-09-01 2.csv
idx:123,per_step_refined_wide_UMCP_ACTUAL_2025-09-01 2.csv
idx:124,per_step_refined_wide_UMCP_ACTUAL_2025-09-01 2.csv
idx:125,per_step_refined_wide_UMCP_ACTUAL_2025-09-01 2.csv
idx:126,per_step_refined_wide_UMCP_ACTUAL_2025-09-01 2.csv
idx:127,per_step_refined_wide_UMCP_ACTUAL_2025-09-01 2.csv
idx:128,per_step_refined_wide_UMCP_ACTUAL_2025-09-01 2.csv
idx:129,per_step_refined_wide_UMCP_ACTUAL_2025-09-01 2.csv
idx:13,per_step_refined_wide_UMCP_ACTUAL_2025-09-01 2.csv
idx:130,per_step_refined_wide_UMCP_ACTUAL_2025-09-01 2.csv
idx:131,per_step_refined_wide_UMCP_ACTUAL_2025-09-01 2.csv
idx:132,per_step_refined_wide_UMCP_ACTUAL_2025-09-01 2.csv
idx:133,per_step_refined_wide_UMCP_ACTUAL_2025-09-01 2.csv
idx:134,per_step_refined_wide_UMCP_ACTUAL_2025-09-01 2.csv
idx:135,per_step_refined_wide_UMCP_ACTUAL_2025-09-01 2.csv
idx:136,per_step_refined_wide_UMCP_ACTUAL_2025-09-01 2.csv
idx:137,per_step_refined_wide_UMCP_ACTUAL_2025-09-01 2.csv
idx:138,per_step_refined_wide_UMCP_ACTUAL_2025-09-01 2.csv
idx:139,per_step_refined_wide_UMCP_ACTUAL_2025-09-01 2.csv
idx:14,per_step_refined_wide_UMCP_ACTUAL_2025-09-01 2.csv
idx:140,per_step_refined_wide_UMCP_ACTUAL_2025-09-01 2.csv
idx:141,per_step_refined_wide_UMCP_ACTUAL_2025-09-01 2.csv
idx:142,per_step_refined_wide_UMCP_ACTUAL_2025-09-01 2.csv
idx:143,per_step_refined_wide_UMCP_ACTUAL_2025-09-01 2.csv
idx:144,per_step_refined_wide_UMCP_ACTUAL_2025-09-01 2.csv
idx:145,per_step_refined_wide_UMCP_ACTUAL_2025-09-01 2.csv
idx:146,per_step_refined_wide_UMCP_ACTUAL_2025-09-01 2.csv
idx:147,per_step_refined_wide_UMCP_ACTUAL_2025-09-01 2.csv
idx:148,per_step_refined_wide_UMCP_ACTUAL_2025-09-01 2.csv
idx:149,per_step_refined_wide_UMCP_ACTUAL_2025-09-01 2.csv
idx:15,per_step_refined_wide_UMCP_ACTUAL_2025-09-01 2.csv
idx:150,per_step_refined_wide_UMCP_ACTUAL_2025-09-01 2.csv
idx:151,per_step_refined_wide_UMCP_ACTUAL_2025-09-01 2.csv
idx:152,per_step_refined_wide_UMCP_ACTUAL_2025-09-01 2.csv
idx:153,per_step_refined_wide_UMCP_ACTUAL_2025-09-01 2.csv
idx:154,per_step_refined_wide_UMCP_ACTUAL_2025-09-01 2.csv
idx:155,per_step_refined_wide_UMCP_ACTUAL_2025-09-01 2.csv
idx:156,per_step_refined_wide_UMCP_ACTUAL_2025-09-01 2.csv
idx:157,per_step_refined_wide_UMCP_ACTUAL_2025-09-01 2.csv
idx:158,per_step_refined_wide_UMCP_ACTUAL_2025-09-01 2.csv
idx:159,per_step_refined_wide_UMCP_ACTUAL_2025-09-01 2.csv
idx:16,per_step_refined_wide_UMCP_ACTUAL_2025-09-01 2.csv
idx:160,per_step_refined_wide_UMCP_ACTUAL_2025-09-01 2.csv
idx:161,per_step_refined_wide_UMCP_ACTUAL_2025-09-01 2.csv
idx:162,per_step_refined_wide_UMCP_ACTUAL_2025-09-01 2.csv
idx:163,per_step_refined_wide_UMCP_ACTUAL_2025-09-01 2.csv
idx:164,per_step_refined_wide_UMCP_ACTUAL_2025-09-01 2.csv
idx:165,per_step_refined_wide_UMCP_ACTUAL_2025-09-01 2.csv
idx:166,per_step_refined_wide_UMCP_ACTUAL_2025-09-01 2.csv
idx:167,per_step_refined_wide_UMCP_ACTUAL_2025-09-01 2.csv
idx:168,per_step_refined_wide_UMCP_ACTUAL_2025-09-01 2.csv
idx:169,per_step_refined_wide_UMCP_ACTUAL_2025-09-01 2.csv
idx:17,per_step_refined_wide_UMCP_ACTUAL_2025-09-01 2.csv
idx:170,per_step_refined_wide_UMCP_ACTUAL_2025-09-01 2.csv
idx:171,per_step_refined_wide_UMCP_ACTUAL_2025-09-01 2.csv
idx:172,per_step_refined_wide_UMCP_ACTUAL_2025-09-01 2.csv
idx:173,per_step_refined_wide_UMCP_ACTUAL_2025-09-01 2.csv
idx:174,per_step_refined_wide_UMCP_ACTUAL_2025-09-01 2.csv
idx:175,per_step_refined_wide_UMCP_ACTUAL_2025-09-01 2.csv
idx:176,per_step_refined_wide_UMCP_ACTUAL_2025-09-01 2.csv
idx:177,per_step_refined_wide_UMCP_ACTUAL_2025-09-01 2.csv
idx:178,per_step_refined_wide_UMCP_ACTUAL_2025-09-01 2.csv
idx:179,per_step_refined_wide_UMCP_ACTUAL_2025-09-01 2.csv
idx:18,per_step_refined_wide_UMCP_ACTUAL_2025-09-01 2.csv
idx:180,per_step_refined_wide_UMCP_ACTUAL_2025-09-01 2.csv
idx:181,per_step_refined_wide_UMCP_ACTUAL_2025-09-01 2.csv
idx:182,per_step_refined_wide_UMCP_ACTUAL_2025-09-01 2.csv
idx:183,per_step_refined_wide_UMCP_ACTUAL_2025-09-01 2.csv
idx:184,per_step_refined_wide_UMCP_ACTUAL_2025-09-01 2.csv
idx:185,per_step_refined_wide_UMCP_ACTUAL_2025-09-01 2.csv
idx:186,per_step_refined_wide_UMCP_ACTUAL_2025-09-01 2.csv
idx:187,per_step_refined_wide_UMCP_ACTUAL_2025-09-01 2.csv
idx:188,per_step_refined_wide_UMCP_ACTUAL_2025-09-01 2.csv
idx:189,per_step_refined_wide_UMCP_ACTUAL_2025-09-01 2.csv
idx:19,per_step_refined_wide_UMCP_ACTUAL_2025-09-01 2.csv
idx:190,per_step_refined_wide_UMCP_ACTUAL_2025-09-01 2.csv
idx:191,per_step_refined_wide_UMCP_ACTUAL_2025-09-01 2.csv
idx:192,per_step_refined_wide_UMCP_ACTUAL_2025-09-01 2.csv
idx:193,per_step_refined_wide_UMCP_ACTUAL_2025-09-01 2.csv
idx:194,per_step_refined_wide_UMCP_ACTUAL_2025-09-01 2.csv
idx:195,per_step_refined_wide_UMCP_ACTUAL_2025-09-01 2.csv
idx:196,per_step_refined_wide_UMCP_ACTUAL_2025-09-01 2.csv
idx:197,per_step_refined_wide_UMCP_ACTUAL_2025-09-01 2.csv
idx:198,per_step_refined_wide_UMCP_ACTUAL_2025-09-01 2.csv
idx:199,per_step_refined_wide_UMCP_ACTUAL_2025-09-01 2.csv
idx:2,per_step_refined_wide_UMCP_ACTUAL_2025-09-01 2.csv
idx:20,per_step_refined_wide_UMCP_ACTUAL_2025-09-01 2.csv
idx:200,per_step_refined_wide_UMCP_ACTUAL_2025-09-01 2.csv
idx:201,per_step_refined_wide_UMCP_ACTUAL_2025-09-01 2.csv
idx:202,per_step_refined_wide_UMCP_ACTUAL_2025-09-01 2.csv
idx:203,per_step_refined_wide_UMCP_ACTUAL_2025-09-01 2.csv
idx:204,per_step_refined_wide_UMCP_ACTUAL_2025-09-01 2.csv
idx:205,per_step_refined_wide_UMCP_ACTUAL_2025-09-01 2.csv
idx:206,per_step_refined_wide_UMCP_ACTUAL_2025-09-01 2.csv
idx:207,per_step_refined_wide_UMCP_ACTUAL_2025-09-01 2.csv
idx:208,per_step_refined_wide_UMCP_ACTUAL_2025-09-01 2.csv
idx:209,per_step_refined_wide_UMCP_ACTUAL_2025-09-01 2.csv
idx:21,per_step_refined_wide_UMCP_ACTUAL_2025-09-01 2.csv
idx:210,per_step_refined_wide_UMCP_ACTUAL_2025-09-01 2.csv
idx:211,per_step_refined_wide_UMCP_ACTUAL_2025-09-01 2.csv
idx:212,per_step_refined_wide_UMCP_ACTUAL_2025-09-01 2.csv
idx:213,per_step_refined_wide_UMCP_ACTUAL_2025-09-01 2.csv
idx:214,per_step_refined_wide_UMCP_ACTUAL_2025-09-01 2.csv
idx:215,per_step_refined_wide_UMCP_ACTUAL_2025-09-01 2.csv
idx:216,per_step_refined_wide_UMCP_ACTUAL_2025-09-01 2.csv
idx:217,per_step_refined_wide_UMCP_ACTUAL_2025-09-01 2.csv
idx:218,per_step_refined_wide_UMCP_ACTUAL_2025-09-01 2.csv
idx:219,per_step_refined_wide_UMCP_ACTUAL_2025-09-01 2.csv
idx:22,per_step_refined_wide_UMCP_ACTUAL_2025-09-01 2.csv
idx:220,per_step_refined_wide_UMCP_ACTUAL_2025-09-01 2.csv
idx:221,per_step_refined_wide_UMCP_ACTUAL_2025-09-01 2.csv
idx:222,per_step_refined_wide_UMCP_ACTUAL_2025-09-01 2.csv
idx:223,per_step_refined_wide_UMCP_ACTUAL_2025-09-01 2.csv
idx:224,per_step_refined_wide_UMCP_ACTUAL_2025-09-01 2.csv
idx:225,per_step_refined_wide_UMCP_ACTUAL_2025-09-01 2.csv
idx:226,per_step_refined_wide_UMCP_ACTUAL_2025-09-01 2.csv
idx:227,per_step_refined_wide_UMCP_ACTUAL_2025-09-01 2.csv
idx:228,per_step_refined_wide_UMCP_ACTUAL_2025-09-01 2.csv
idx:229,per_step_refined_wide_UMCP_ACTUAL_2025-09-01 2.csv
idx:23,per_step_refined_wide_UMCP_ACTUAL_2025-09-01 2.csv
idx:230,per_step_refined_wide_UMCP_ACTUAL_2025-09-01 2.csv
idx:231,per_step_refined_wide_UMCP_ACTUAL_2025-09-01 2.csv
idx:232,per_step_refined_wide_UMCP_ACTUAL_2025-09-01 2.csv
idx:233,per_step_refined_wide_UMCP_ACTUAL_2025-09-01 2.csv
idx:234,per_step_refined_wide_UMCP_ACTUAL_2025-09-01 2.csv
idx:235,per_step_refined_wide_UMCP_ACTUAL_2025-09-01 2.csv
idx:236,per_step_refined_wide_UMCP_ACTUAL_2025-09-01 2.csv
idx:237,per_step_refined_wide_UMCP_ACTUAL_2025-09-01 2.csv
idx:238,per_step_refined_wide_UMCP_ACTUAL_2025-09-01 2.csv
idx:239,per_step_refined_wide_UMCP_ACTUAL_2025-09-01 2.csv
idx:24,per_step_refined_wide_UMCP_ACTUAL_2025-09-01 2.csv
idx:240,per_step_refined_wide_UMCP_ACTUAL_2025-09-01 2.csv
idx:241,per_step_refined_wide_UMCP_ACTUAL_2025-09-01 2.csv
idx:242,per_step_refined_wide_UMCP_ACTUAL_2025-09-01 2.csv
idx:243,per_step_refined_wide_UMCP_ACTUAL_2025-09-01 2.csv
idx:244,per_step_refined_wide_UMCP_ACTUAL_2025-09-01 2.csv
idx:245,per_step_refined_wide_UMCP_ACTUAL_2025-09-01 2.csv
idx:246,per_step_refined_wide_UMCP_ACTUAL_2025-09-01 2.csv
idx:247,per_step_refined_wide_UMCP_ACTUAL_2025-09-01 2.csv
idx:248,per_step_refined_wide_UMCP_ACTUAL_2025-09-01 2.csv
idx:249,per_step_refined_wide_UMCP_ACTUAL_2025-09-01 2.csv
idx:25,per_step_refined_wide_UMCP_ACTUAL_2025-09-01 2.csv
idx:250,per_step_refined_wide_UMCP_ACTUAL_2025-09-01 2.csv
idx:251,per_step_refined_wide_UMCP_ACTUAL_2025-09-01 2.csv
idx:252,per_step_refined_wide_UMCP_ACTUAL_2025-09-01 2.csv
idx:253,per_step_refined_wide_UMCP_ACTUAL_2025-09-01 2.csv
idx:254,per_step_refined_wide_UMCP_ACTUAL_2025-09-01 2.csv
idx:255,per_step_refined_wide_UMCP_ACTUAL_2025-09-01 2.csv
idx:256,per_step_refined_wide_UMCP_ACTUAL_2025-09-01 2.csv
idx:257,per_step_refined_wide_UMCP_ACTUAL_2025-09-01 2.csv
idx:258,per_step_refined_wide_UMCP_ACTUAL_2025-09-01 2.csv
idx:259,per_step_refined_wide_UMCP_ACTUAL_2025-09-01 2.csv
idx:26,per_step_refined_wide_UMCP_ACTUAL_2025-09-01 2.csv
idx:260,per_step_refined_wide_UMCP_ACTUAL_2025-09-01 2.csv
idx:261,per_step_refined_wide_UMCP_ACTUAL_2025-09-01 2.csv
idx:262,per_step_refined_wide_UMCP_ACTUAL_2025-09-01 2.csv
idx:263,per_step_refined_wide_UMCP_ACTUAL_2025-09-01 2.csv
idx:264,per_step_refined_wide_UMCP_ACTUAL_2025-09-01 2.csv
idx:265,per_step_refined_wide_UMCP_ACTUAL_2025-09-01 2.csv
idx:266,per_step_refined_wide_UMCP_ACTUAL_2025-09-01 2.csv
idx:267,per_step_refined_wide_UMCP_ACTUAL_2025-09-01 2.csv
idx:268,per_step_refined_wide_UMCP_ACTUAL_2025-09-01 2.csv
idx:269,per_step_refined_wide_UMCP_ACTUAL_2025-09-01 2.csv
idx:27,per_step_refined_wide_UMCP_ACTUAL_2025-09-01 2.csv
idx:270,per_step_refined_wide_UMCP_ACTUAL_2025-09-01 2.csv
idx:271,per_step_refined_wide_UMCP_ACTUAL_2025-09-01 2.csv
idx:272,per_step_refined_wide_UMCP_ACTUAL_2025-09-01 2.csv
idx:273,per_step_refined_wide_UMCP_ACTUAL_2025-09-01 2.csv
idx:274,per_step_refined_wide_UMCP_ACTUAL_2025-09-01 2.csv
idx:275,per_step_refined_wide_UMCP_ACTUAL_2025-09-01 2.csv
idx:276,per_step_refined_wide_UMCP_ACTUAL_2025-09-01 2.csv
idx:277,per_step_refined_wide_UMCP_ACTUAL_2025-09-01 2.csv
idx:278,per_step_refined_wide_UMCP_ACTUAL_2025-09-01 2.csv
idx:279,per_step_refined_wide_UMCP_ACTUAL_2025-09-01 2.csv
idx:28,per_step_refined_wide_UMCP_ACTUAL_2025-09-01 2.csv
idx:280,per_step_refined_wide_UMCP_ACTUAL_2025-09-01 2.csv
idx:281,per_step_refined_wide_UMCP_ACTUAL_2025-09-01 2.csv
idx:282,per_step_refined_wide_UMCP_ACTUAL_2025-09-01 2.csv
idx:283,per_step_refined_wide_UMCP_ACTUAL_2025-09-01 2.csv
idx:284,per_step_refined_wide_UMCP_ACTUAL_2025-09-01 2.csv
idx:285,per_step_refined_wide_UMCP_ACTUAL_2025-09-01 2.csv
idx:286,per_step_refined_wide_UMCP_ACTUAL_2025-09-01 2.csv
idx:287,per_step_refined_wide_UMCP_ACTUAL_2025-09-01 2.csv
idx:288,per_step_refined_wide_UMCP_ACTUAL_2025-09-01 2.csv
idx:289,per_step_refined_wide_UMCP_ACTUAL_2025-09-01 2.csv
idx:29,per_step_refined_wide_UMCP_ACTUAL_2025-09-01 2.csv
idx:290,per_step_refined_wide_UMCP_ACTUAL_2025-09-01 2.csv
idx:291,per_step_refined_wide_UMCP_ACTUAL_2025-09-01 2.csv
idx:292,per_step_refined_wide_UMCP_ACTUAL_2025-09-01 2.csv
idx:293,per_step_refined_wide_UMCP_ACTUAL_2025-09-01 2.csv
idx:294,per_step_refined_wide_UMCP_ACTUAL_2025-09-01 2.csv
idx:295,per_step_refined_wide_UMCP_ACTUAL_2025-09-01 2.csv
idx:296,per_step_refined_wide_UMCP_ACTUAL_2025-09-01 2.csv
idx:297,per_step_refined_wide_UMCP_ACTUAL_2025-09-01 2.csv
idx:298,per_step_refined_wide_UMCP_ACTUAL_2025-09-01 2.csv
idx:299,per_step_refined_wide_UMCP_ACTUAL_2025-09-01 2.csv
idx:3,per_step_refined_wide_UMCP_ACTUAL_2025-09-01 2.csv
idx:30,per_step_refined_wide_UMCP_ACTUAL_2025-09-01 2.csv
idx:300,per_step_refined_wide_UMCP_ACTUAL_2025-09-01 2.csv
idx:301,per_step_refined_wide_UMCP_ACTUAL_2025-09-01 2.csv
idx:302,per_step_refined_wide_UMCP_ACTUAL_2025-09-01 2.csv
idx:303,per_step_refined_wide_UMCP_ACTUAL_2025-09-01 2.csv
idx:304,per_step_refined_wide_UMCP_ACTUAL_2025-09-01 2.csv
idx:305,per_step_refined_wide_UMCP_ACTUAL_2025-09-01 2.csv
idx:306,per_step_refined_wide_UMCP_ACTUAL_2025-09-01 2.csv
idx:307,per_step_refined_wide_UMCP_ACTUAL_2025-09-01 2.csv
idx:308,per_step_refined_wide_UMCP_ACTUAL_2025-09-01 2.csv
idx:309,per_step_refined_wide_UMCP_ACTUAL_2025-09-01 2.csv
idx:31,per_step_refined_wide_UMCP_ACTUAL_2025-09-01 2.csv
idx:310,per_step_refined_wide_UMCP_ACTUAL_2025-09-01 2.csv
idx:311,per_step_refined_wide_UMCP_ACTUAL_2025-09-01 2.csv
idx:312,per_step_refined_wide_UMCP_ACTUAL_2025-09-01 2.csv
idx:313,per_step_refined_wide_UMCP_ACTUAL_2025-09-01 2.csv
idx:314,per_step_refined_wide_UMCP_ACTUAL_2025-09-01 2.csv
idx:315,per_step_refined_wide_UMCP_ACTUAL_2025-09-01 2.csv
idx:316,per_step_refined_wide_UMCP_ACTUAL_2025-09-01 2.csv
idx:317,per_step_refined_wide_UMCP_ACTUAL_2025-09-01 2.csv
idx:318,per_step_refined_wide_UMCP_ACTUAL_2025-09-01 2.csv
idx:319,per_step_refined_wide_UMCP_ACTUAL_2025-09-01 2.csv
idx:32,per_step_refined_wide_UMCP_ACTUAL_2025-09-01 2.csv
idx:320,per_step_refined_wide_UMCP_ACTUAL_2025-09-01 2.csv
idx:321,per_step_refined_wide_UMCP_ACTUAL_2025-09-01 2.csv
idx:322,per_step_refined_wide_UMCP_ACTUAL_2025-09-01 2.csv
idx:323,per_step_refined_wide_UMCP_ACTUAL_2025-09-01 2.csv
idx:324,per_step_refined_wide_UMCP_ACTUAL_2025-09-01 2.csv
idx:325,per_step_refined_wide_UMCP_ACTUAL_2025-09-01 2.csv
idx:326,per_step_refined_wide_UMCP_ACTUAL_2025-09-01 2.csv
idx:327,per_step_refined_wide_UMCP_ACTUAL_2025-09-01 2.csv
idx:328,per_step_refined_wide_UMCP_ACTUAL_2025-09-01 2.csv
idx:329,per_step_refined_wide_UMCP_ACTUAL_2025-09-01 2.csv
idx:33,per_step_refined_wide_UMCP_ACTUAL_2025-09-01 2.csv
idx:330,per_step_refined_wide_UMCP_ACTUAL_2025-09-01 2.csv
idx:331,per_step_refined_wide_UMCP_ACTUAL_2025-09-01 2.csv
idx:332,per_step_refined_wide_UMCP_ACTUAL_2025-09-01 2.csv
idx:333,per_step_refined_wide_UMCP_ACTUAL_2025-09-01 2.csv
idx:334,per_step_refined_wide_UMCP_ACTUAL_2025-09-01 2.csv
idx:335,per_step_refined_wide_UMCP_ACTUAL_2025-09-01 2.csv
idx:336,per_step_refined_wide_UMCP_ACTUAL_2025-09-01 2.csv
idx:337,per_step_refined_wide_UMCP_ACTUAL_2025-09-01 2.csv
idx:338,per_step_refined_wide_UMCP_ACTUAL_2025-09-01 2.csv
idx:339,per_step_refined_wide_UMCP_ACTUAL_2025-09-01 2.csv
idx:34,per_step_refined_wide_UMCP_ACTUAL_2025-09-01 2.csv
idx:340,per_step_refined_wide_UMCP_ACTUAL_2025-09-01 2.csv
idx:341,per_step_refined_wide_UMCP_ACTUAL_2025-09-01 2.csv
idx:342,per_step_refined_wide_UMCP_ACTUAL_2025-09-01 2.csv
idx:343,per_step_refined_wide_UMCP_ACTUAL_2025-09-01 2.csv
idx:344,per_step_refined_wide_UMCP_ACTUAL_2025-09-01 2.csv
idx:345,per_step_refined_wide_UMCP_ACTUAL_2025-09-01 2.csv
idx:346,per_step_refined_wide_UMCP_ACTUAL_2025-09-01 2.csv
idx:347,per_step_refined_wide_UMCP_ACTUAL_2025-09-01 2.csv
idx:348,per_step_refined_wide_UMCP_ACTUAL_2025-09-01 2.csv
idx:349,per_step_refined_wide_UMCP_ACTUAL_2025-09-01 2.csv
idx:35,per_step_refined_wide_UMCP_ACTUAL_2025-09-01 2.csv
idx:350,per_step_refined_wide_UMCP_ACTUAL_2025-09-01 2.csv
idx:351,per_step_refined_wide_UMCP_ACTUAL_2025-09-01 2.csv
idx:352,per_step_refined_wide_UMCP_ACTUAL_2025-09-01 2.csv
idx:353,per_step_refined_wide_UMCP_ACTUAL_2025-09-01 2.csv
idx:354,per_step_refined_wide_UMCP_ACTUAL_2025-09-01 2.csv
idx:355,per_step_refined_wide_UMCP_ACTUAL_2025-09-01 2.csv
idx:356,per_step_refined_wide_UMCP_ACTUAL_2025-09-01 2.csv
idx:357,per_step_refined_wide_UMCP_ACTUAL_2025-09-01 2.csv
idx:358,per_step_refined_wide_UMCP_ACTUAL_2025-09-01 2.csv
idx:359,per_step_refined_wide_UMCP_ACTUAL_2025-09-01 2.csv
idx:36,per_step_refined_wide_UMCP_ACTUAL_2025-09-01 2.csv
idx:360,per_step_refined_wide_UMCP_ACTUAL_2025-09-01 2.csv
idx:361,per_step_refined_wide_UMCP_ACTUAL_2025-09-01 2.csv
idx:362,per_step_refined_wide_UMCP_ACTUAL_2025-09-01 2.csv
idx:363,per_step_refined_wide_UMCP_ACTUAL_2025-09-01 2.csv
idx:364,per_step_refined_wide_UMCP_ACTUAL_2025-09-01 2.csv
idx:365,per_step_refined_wide_UMCP_ACTUAL_2025-09-01 2.csv
idx:366,per_step_refined_wide_UMCP_ACTUAL_2025-09-01 2.csv
idx:367,per_step_refined_wide_UMCP_ACTUAL_2025-09-01 2.csv
idx:368,per_step_refined_wide_UMCP_ACTUAL_2025-09-01 2.csv
idx:369,per_step_refined_wide_UMCP_ACTUAL_2025-09-01 2.csv
idx:37,per_step_refined_wide_UMCP_ACTUAL_2025-09-01 2.csv
idx:370,per_step_refined_wide_UMCP_ACTUAL_2025-09-01 2.csv
idx:371,per_step_refined_wide_UMCP_ACTUAL_2025-09-01 2.csv
idx:372,per_step_refined_wide_UMCP_ACTUAL_2025-09-01 2.csv
idx:373,per_step_refined_wide_UMCP_ACTUAL_2025-09-01 2.csv
idx:374,per_step_refined_wide_UMCP_ACTUAL_2025-09-01 2.csv
idx:375,per_step_refined_wide_UMCP_ACTUAL_2025-09-01 2.csv
idx:376,per_step_refined_wide_UMCP_ACTUAL_2025-09-01 2.csv
idx:377,per_step_refined_wide_UMCP_ACTUAL_2025-09-01 2.csv
idx:378,per_step_refined_wide_UMCP_ACTUAL_2025-09-01 2.csv
idx:379,per_step_refined_wide_UMCP_ACTUAL_2025-09-01 2.csv
idx:38,per_step_refined_wide_UMCP_ACTUAL_2025-09-01 2.csv
idx:380,per_step_refined_wide_UMCP_ACTUAL_2025-09-01 2.csv
idx:381,per_step_refined_wide_UMCP_ACTUAL_2025-09-01 2.csv
idx:382,per_step_refined_wide_UMCP_ACTUAL_2025-09-01 2.csv
idx:383,per_step_refined_wide_UMCP_ACTUAL_2025-09-01 2.csv
idx:384,per_step_refined_wide_UMCP_ACTUAL_2025-09-01 2.csv
idx:385,per_step_refined_wide_UMCP_ACTUAL_2025-09-01 2.csv
idx:386,per_step_refined_wide_UMCP_ACTUAL_2025-09-01 2.csv
idx:387,per_step_refined_wide_UMCP_ACTUAL_2025-09-01 2.csv
idx:388,per_step_refined_wide_UMCP_ACTUAL_2025-09-01 2.csv
idx:389,per_step_refined_wide_UMCP_ACTUAL_2025-09-01 2.csv
idx:39,per_step_refined_wide_UMCP_ACTUAL_2025-09-01 2.csv
idx:390,per_step_refined_wide_UMCP_ACTUAL_2025-09-01 2.csv
idx:391,per_step_refined_wide_UMCP_ACTUAL_2025-09-01 2.csv
idx:392,per_step_refined_wide_UMCP_ACTUAL_2025-09-01 2.csv
idx:393,per_step_refined_wide_UMCP_ACTUAL_2025-09-01 2.csv
idx:394,per_step_refined_wide_UMCP_ACTUAL_2025-09-01 2.csv
idx:395,per_step_refined_wide_UMCP_ACTUAL_2025-09-01 2.csv
idx:396,per_step_refined_wide_UMCP_ACTUAL_2025-09-01 2.csv
idx:397,per_step_refined_wide_UMCP_ACTUAL_2025-09-01 2.csv
idx:398,per_step_refined_wide_UMCP_ACTUAL_2025-09-01 2.csv
idx:399,per_step_refined_wide_UMCP_ACTUAL_2025-09-01 2.csv
idx:4,per_step_refined_wide_UMCP_ACTUAL_2025-09-01 2.csv
idx:40,per_step_refined_wide_UMCP_ACTUAL_2025-09-01 2.csv
idx:400,per_step_refined_wide_UMCP_ACTUAL_2025-09-01 2.csv
idx:401,per_step_refined_wide_UMCP_ACTUAL_2025-09-01 2.csv
idx:402,per_step_refined_wide_UMCP_ACTUAL_2025-09-01 2.csv
idx:403,per_step_refined_wide_UMCP_ACTUAL_2025-09-01 2.csv
idx:404,per_step_refined_wide_UMCP_ACTUAL_2025-09-01 2.csv
idx:405,per_step_refined_wide_UMCP_ACTUAL_2025-09-01 2.csv
idx:406,per_step_refined_wide_UMCP_ACTUAL_2025-09-01 2.csv
idx:407,per_step_refined_wide_UMCP_ACTUAL_2025-09-01 2.csv
idx:408,per_step_refined_wide_UMCP_ACTUAL_2025-09-01 2.csv
idx:409,per_step_refined_wide_UMCP_ACTUAL_2025-09-01 2.csv
idx:41,per_step_refined_wide_UMCP_ACTUAL_2025-09-01 2.csv
idx:410,per_step_refined_wide_UMCP_ACTUAL_2025-09-01 2.csv
idx:411,per_step_refined_wide_UMCP_ACTUAL_2025-09-01 2.csv
idx:412,per_step_refined_wide_UMCP_ACTUAL_2025-09-01 2.csv
idx:413,per_step_refined_wide_UMCP_ACTUAL_2025-09-01 2.csv
idx:414,per_step_refined_wide_UMCP_ACTUAL_2025-09-01 2.csv
idx:415,per_step_refined_wide_UMCP_ACTUAL_2025-09-01 2.csv
idx:416,per_step_refined_wide_UMCP_ACTUAL_2025-09-01 2.csv
idx:417,per_step_refined_wide_UMCP_ACTUAL_2025-09-01 2.csv
idx:418,per_step_refined_wide_UMCP_ACTUAL_2025-09-01 2.csv
idx:419,per_step_refined_wide_UMCP_ACTUAL_2025-09-01 2.csv
idx:42,per_step_refined_wide_UMCP_ACTUAL_2025-09-01 2.csv
idx:420,per_step_refined_wide_UMCP_ACTUAL_2025-09-01 2.csv
idx:421,per_step_refined_wide_UMCP_ACTUAL_2025-09-01 2.csv
idx:422,per_step_refined_wide_UMCP_ACTUAL_2025-09-01 2.csv
idx:423,per_step_refined_wide_UMCP_ACTUAL_2025-09-01 2.csv
idx:424,per_step_refined_wide_UMCP_ACTUAL_2025-09-01 2.csv
idx:425,per_step_refined_wide_UMCP_ACTUAL_2025-09-01 2.csv
idx:426,per_step_refined_wide_UMCP_ACTUAL_2025-09-01 2.csv
idx:427,per_step_refined_wide_UMCP_ACTUAL_2025-09-01 2.csv
idx:428,per_step_refined_wide_UMCP_ACTUAL_2025-09-01 2.csv
idx:429,per_step_refined_wide_UMCP_ACTUAL_2025-09-01 2.csv
idx:43,per_step_refined_wide_UMCP_ACTUAL_2025-09-01 2.csv
idx:430,per_step_refined_wide_UMCP_ACTUAL_2025-09-01 2.csv
idx:431,per_step_refined_wide_UMCP_ACTUAL_2025-09-01 2.csv
idx:432,per_step_refined_wide_UMCP_ACTUAL_2025-09-01 2.csv
idx:433,per_step_refined_wide_UMCP_ACTUAL_2025-09-01 2.csv
idx:434,per_step_refined_wide_UMCP_ACTUAL_2025-09-01 2.csv
idx:435,per_step_refined_wide_UMCP_ACTUAL_2025-09-01 2.csv
idx:436,per_step_refined_wide_UMCP_ACTUAL_2025-09-01 2.csv
idx:437,per_step_refined_wide_UMCP_ACTUAL_2025-09-01 2.csv
idx:438,per_step_refined_wide_UMCP_ACTUAL_2025-09-01 2.csv
idx:439,per_step_refined_wide_UMCP_ACTUAL_2025-09-01 2.csv
idx:44,per_step_refined_wide_UMCP_ACTUAL_2025-09-01 2.csv
idx:440,per_step_refined_wide_UMCP_ACTUAL_2025-09-01 2.csv
idx:441,per_step_refined_wide_UMCP_ACTUAL_2025-09-01 2.csv
idx:442,per_step_refined_wide_UMCP_ACTUAL_2025-09-01 2.csv
idx:443,per_step_refined_wide_UMCP_ACTUAL_2025-09-01 2.csv
idx:444,per_step_refined_wide_UMCP_ACTUAL_2025-09-01 2.csv
idx:445,per_step_refined_wide_UMCP_ACTUAL_2025-09-01 2.csv
idx:446,per_step_refined_wide_UMCP_ACTUAL_2025-09-01 2.csv
idx:447,per_step_refined_wide_UMCP_ACTUAL_2025-09-01 2.csv
idx:448,per_step_refined_wide_UMCP_ACTUAL_2025-09-01 2.csv
idx:449,per_step_refined_wide_UMCP_ACTUAL_2025-09-01 2.csv
idx:45,per_step_refined_wide_UMCP_ACTUAL_2025-09-01 2.csv
idx:450,per_step_refined_wide_UMCP_ACTUAL_2025-09-01 2.csv
idx:451,per_step_refined_wide_UMCP_ACTUAL_2025-09-01 2.csv
idx:452,per_step_refined_wide_UMCP_ACTUAL_2025-09-01 2.csv
idx:453,per_step_refined_wide_UMCP_ACTUAL_2025-09-01 2.csv
idx:454,per_step_refined_wide_UMCP_ACTUAL_2025-09-01 2.csv
idx:455,per_step_refined_wide_UMCP_ACTUAL_2025-09-01 2.csv
idx:456,per_step_refined_wide_UMCP_ACTUAL_2025-09-01 2.csv
idx:457,per_step_refined_wide_UMCP_ACTUAL_2025-09-01 2.csv
idx:458,per_step_refined_wide_UMCP_ACTUAL_2025-09-01 2.csv
idx:459,per_step_refined_wide_UMCP_ACTUAL_2025-09-01 2.csv
idx:46,per_step_refined_wide_UMCP_ACTUAL_2025-09-01 2.csv
idx:460,per_step_refined_wide_UMCP_ACTUAL_2025-09-01 2.csv
idx:461,per_step_refined_wide_UMCP_ACTUAL_2025-09-01 2.csv
idx:462,per_step_refined_wide_UMCP_ACTUAL_2025-09-01 2.csv
idx:463,per_step_refined_wide_UMCP_ACTUAL_2025-09-01 2.csv
idx:464,per_step_refined_wide_UMCP_ACTUAL_2025-09-01 2.csv
idx:465,per_step_refined_wide_UMCP_ACTUAL_2025-09-01 2.csv
idx:466,per_step_refined_wide_UMCP_ACTUAL_2025-09-01 2.csv
idx:467,per_step_refined_wide_UMCP_ACTUAL_2025-09-01 2.csv
idx:468,per_step_refined_wide_UMCP_ACTUAL_2025-09-01 2.csv
idx:469,per_step_refined_wide_UMCP_ACTUAL_2025-09-01 2.csv
idx:47,per_step_refined_wide_UMCP_ACTUAL_2025-09-01 2.csv
idx:470,per_step_refined_wide_UMCP_ACTUAL_2025-09-01 2.csv
idx:471,per_step_refined_wide_UMCP_ACTUAL_2025-09-01 2.csv
idx:472,per_step_refined_wide_UMCP_ACTUAL_2025-09-01 2.csv
idx:473,per_step_refined_wide_UMCP_ACTUAL_2025-09-01 2.csv
idx:474,per_step_refined_wide_UMCP_ACTUAL_2025-09-01 2.csv
idx:475,per_step_refined_wide_UMCP_ACTUAL_2025-09-01 2.csv
idx:476,per_step_refined_wide_UMCP_ACTUAL_2025-09-01 2.csv
idx:477,per_step_refined_wide_UMCP_ACTUAL_2025-09-01 2.csv
idx:478,per_step_refined_wide_UMCP_ACTUAL_2025-09-01 2.csv
idx:479,per_step_refined_wide_UMCP_ACTUAL_2025-09-01 2.csv
idx:48,per_step_refined_wide_UMCP_ACTUAL_2025-09-01 2.csv
idx:480,per_step_refined_wide_UMCP_ACTUAL_2025-09-01 2.csv
idx:481,per_step_refined_wide_UMCP_ACTUAL_2025-09-01 2.csv
idx:482,per_step_refined_wide_UMCP_ACTUAL_2025-09-01 2.csv
idx:483,per_step_refined_wide_UMCP_ACTUAL_2025-09-01 2.csv
idx:484,per_step_refined_wide_UMCP_ACTUAL_2025-09-01 2.csv
idx:485,per_step_refined_wide_UMCP_ACTUAL_2025-09-01 2.csv
idx:486,per_step_refined_wide_UMCP_ACTUAL_2025-09-01 2.csv
idx:487,per_step_refined_wide_UMCP_ACTUAL_2025-09-01 2.csv
idx:488,per_step_refined_wide_UMCP_ACTUAL_2025-09-01 2.csv
idx:489,per_step_refined_wide_UMCP_ACTUAL_2025-09-01 2.csv
idx:49,per_step_refined_wide_UMCP_ACTUAL_2025-09-01 2.csv
idx:490,per_step_refined_wide_UMCP_ACTUAL_2025-09-01 2.csv
idx:491,per_step_refined_wide_UMCP_ACTUAL_2025-09-01 2.csv
idx:492,per_step_refined_wide_UMCP_ACTUAL_2025-09-01 2.csv
idx:493,per_step_refined_wide_UMCP_ACTUAL_2025-09-01 2.csv
idx:494,per_step_refined_wide_UMCP_ACTUAL_2025-09-01 2.csv
idx:495,per_step_refined_wide_UMCP_ACTUAL_2025-09-01 2.csv
idx:496,per_step_refined_wide_UMCP_ACTUAL_2025-09-01 2.csv
idx:497,per_step_refined_wide_UMCP_ACTUAL_2025-09-01 2.csv
idx:498,per_step_refined_wide_UMCP_ACTUAL_2025-09-01 2.csv
idx:499,per_step_refined_wide_UMCP_ACTUAL_2025-09-01 2.csv
idx:5,per_step_refined_wide_UMCP_ACTUAL_2025-09-01 2.csv
idx:50,per_step_refined_wide_UMCP_ACTUAL_2025-09-01 2.csv
idx:500,per_step_refined_wide_UMCP_ACTUAL_2025-09-01 2.csv
idx:501,per_step_refined_wide_UMCP_ACTUAL_2025-09-01 2.csv
idx:502,per_step_refined_wide_UMCP_ACTUAL_2025-09-01 2.csv
idx:503,per_step_refined_wide_UMCP_ACTUAL_2025-09-01 2.csv
idx:504,per_step_refined_wide_UMCP_ACTUAL_2025-09-01 2.csv
idx:505,per_step_refined_wide_UMCP_ACTUAL_2025-09-01 2.csv
idx:506,per_step_refined_wide_UMCP_ACTUAL_2025-09-01 2.csv
idx:507,per_step_refined_wide_UMCP_ACTUAL_2025-09-01 2.csv
idx:508,per_step_refined_wide_UMCP_ACTUAL_2025-09-01 2.csv
idx:509,per_step_refined_wide_UMCP_ACTUAL_2025-09-01 2.csv
idx:51,per_step_refined_wide_UMCP_ACTUAL_2025-09-01 2.csv
idx:510,per_step_refined_wide_UMCP_ACTUAL_2025-09-01 2.csv
idx:511,per_step_refined_wide_UMCP_ACTUAL_2025-09-01 2.csv
idx:512,per_step_refined_wide_UMCP_ACTUAL_2025-09-01 2.csv
idx:513,per_step_refined_wide_UMCP_ACTUAL_2025-09-01 2.csv
idx:514,per_step_refined_wide_UMCP_ACTUAL_2025-09-01 2.csv
idx:515,per_step_refined_wide_UMCP_ACTUAL_2025-09-01 2.csv
idx:516,per_step_refined_wide_UMCP_ACTUAL_2025-09-01 2.csv
idx:517,per_step_refined_wide_UMCP_ACTUAL_2025-09-01 2.csv
idx:518,per_step_refined_wide_UMCP_ACTUAL_2025-09-01 2.csv
idx:519,per_step_refined_wide_UMCP_ACTUAL_2025-09-01 2.csv
idx:52,per_step_refined_wide_UMCP_ACTUAL_2025-09-01 2.csv
idx:520,per_step_refined_wide_UMCP_ACTUAL_2025-09-01 2.csv
idx:521,per_step_refined_wide_UMCP_ACTUAL_2025-09-01 2.csv
idx:522,per_step_refined_wide_UMCP_ACTUAL_2025-09-01 2.csv
idx:523,per_step_refined_wide_UMCP_ACTUAL_2025-09-01 2.csv
idx:524,per_step_refined_wide_UMCP_ACTUAL_2025-09-01 2.csv
idx:525,per_step_refined_wide_UMCP_ACTUAL_2025-09-01 2.csv
idx:526,per_step_refined_wide_UMCP_ACTUAL_2025-09-01 2.csv
idx:527,per_step_refined_wide_UMCP_ACTUAL_2025-09-01 2.csv
idx:528,per_step_refined_wide_UMCP_ACTUAL_2025-09-01 2.csv
idx:529,per_step_refined_wide_UMCP_ACTUAL_2025-09-01 2.csv
idx:53,per_step_refined_wide_UMCP_ACTUAL_2025-09-01 2.csv
idx:530,per_step_refined_wide_UMCP_ACTUAL_2025-09-01 2.csv
idx:531,per_step_refined_wide_UMCP_ACTUAL_2025-09-01 2.csv
idx:532,per_step_refined_wide_UMCP_ACTUAL_2025-09-01 2.csv
idx:533,per_step_refined_wide_UMCP_ACTUAL_2025-09-01 2.csv
idx:534,per_step_refined_wide_UMCP_ACTUAL_2025-09-01 2.csv
idx:535,per_step_refined_wide_UMCP_ACTUAL_2025-09-01 2.csv
idx:536,per_step_refined_wide_UMCP_ACTUAL_2025-09-01 2.csv
idx:537,per_step_refined_wide_UMCP_ACTUAL_2025-09-01 2.csv
idx:538,per_step_refined_wide_UMCP_ACTUAL_2025-09-01 2.csv
idx:539,per_step_refined_wide_UMCP_ACTUAL_2025-09-01 2.csv
idx:54,per_step_refined_wide_UMCP_ACTUAL_2025-09-01 2.csv
idx:540,per_step_refined_wide_UMCP_ACTUAL_2025-09-01 2.csv
idx:541,per_step_refined_wide_UMCP_ACTUAL_2025-09-01 2.csv
idx:542,per_step_refined_wide_UMCP_ACTUAL_2025-09-01 2.csv
idx:543,per_step_refined_wide_UMCP_ACTUAL_2025-09-01 2.csv
idx:544,per_step_refined_wide_UMCP_ACTUAL_2025-09-01 2.csv
idx:545,per_step_refined_wide_UMCP_ACTUAL_2025-09-01 2.csv
idx:546,per_step_refined_wide_UMCP_ACTUAL_2025-09-01 2.csv
idx:547,per_step_refined_wide_UMCP_ACTUAL_2025-09-01 2.csv
idx:548,per_step_refined_wide_UMCP_ACTUAL_2025-09-01 2.csv
idx:549,per_step_refined_wide_UMCP_ACTUAL_2025-09-01 2.csv
idx:55,per_step_refined_wide_UMCP_ACTUAL_2025-09-01 2.csv
idx:550,per_step_refined_wide_UMCP_ACTUAL_2025-09-01 2.csv
idx:551,per_step_refined_wide_UMCP_ACTUAL_2025-09-01 2.csv
idx:552,per_step_refined_wide_UMCP_ACTUAL_2025-09-01 2.csv
idx:553,per_step_refined_wide_UMCP_ACTUAL_2025-09-01 2.csv
idx:554,per_step_refined_wide_UMCP_ACTUAL_2025-09-01 2.csv
idx:555,per_step_refined_wide_UMCP_ACTUAL_2025-09-01 2.csv
idx:556,per_step_refined_wide_UMCP_ACTUAL_2025-09-01 2.csv
idx:557,per_step_refined_wide_UMCP_ACTUAL_2025-09-01 2.csv
idx:558,per_step_refined_wide_UMCP_ACTUAL_2025-09-01 2.csv
idx:559,per_step_refined_wide_UMCP_ACTUAL_2025-09-01 2.csv
idx:56,per_step_refined_wide_UMCP_ACTUAL_2025-09-01 2.csv
idx:560,per_step_refined_wide_UMCP_ACTUAL_2025-09-01 2.csv
idx:561,per_step_refined_wide_UMCP_ACTUAL_2025-09-01 2.csv
idx:562,per_step_refined_wide_UMCP_ACTUAL_2025-09-01 2.csv
idx:563,per_step_refined_wide_UMCP_ACTUAL_2025-09-01 2.csv
idx:564,per_step_refined_wide_UMCP_ACTUAL_2025-09-01 2.csv
idx:565,per_step_refined_wide_UMCP_ACTUAL_2025-09-01 2.csv
idx:566,per_step_refined_wide_UMCP_ACTUAL_2025-09-01 2.csv
idx:567,per_step_refined_wide_UMCP_ACTUAL_2025-09-01 2.csv
idx:568,per_step_refined_wide_UMCP_ACTUAL_2025-09-01 2.csv
idx:569,per_step_refined_wide_UMCP_ACTUAL_2025-09-01 2.csv
idx:57,per_step_refined_wide_UMCP_ACTUAL_2025-09-01 2.csv
idx:570,per_step_refined_wide_UMCP_ACTUAL_2025-09-01 2.csv
idx:571,per_step_refined_wide_UMCP_ACTUAL_2025-09-01 2.csv
idx:572,per_step_refined_wide_UMCP_ACTUAL_2025-09-01 2.csv
idx:573,per_step_refined_wide_UMCP_ACTUAL_2025-09-01 2.csv
idx:574,per_step_refined_wide_UMCP_ACTUAL_2025-09-01 2.csv
idx:575,per_step_refined_wide_UMCP_ACTUAL_2025-09-01 2.csv
idx:576,per_step_refined_wide_UMCP_ACTUAL_2025-09-01 2.csv
idx:577,per_step_refined_wide_UMCP_ACTUAL_2025-09-01 2.csv
idx:578,per_step_refined_wide_UMCP_ACTUAL_2025-09-01 2.csv
idx:579,per_step_refined_wide_UMCP_ACTUAL_2025-09-01 2.csv
idx:58,per_step_refined_wide_UMCP_ACTUAL_2025-09-01 2.csv
idx:580,per_step_refined_wide_UMCP_ACTUAL_2025-09-01 2.csv
idx:581,per_step_refined_wide_UMCP_ACTUAL_2025-09-01 2.csv
idx:582,per_step_refined_wide_UMCP_ACTUAL_2025-09-01 2.csv
idx:583,per_step_refined_wide_UMCP_ACTUAL_2025-09-01 2.csv
idx:584,per_step_refined_wide_UMCP_ACTUAL_2025-09-01 2.csv
idx:585,per_step_refined_wide_UMCP_ACTUAL_2025-09-01 2.csv
idx:586,per_step_refined_wide_UMCP_ACTUAL_2025-09-01 2.csv
idx:587,per_step_refined_wide_UMCP_ACTUAL_2025-09-01 2.csv
idx:588,per_step_refined_wide_UMCP_ACTUAL_2025-09-01 2.csv
idx:589,per_step_refined_wide_UMCP_ACTUAL_2025-09-01 2.csv
idx:59,per_step_refined_wide_UMCP_ACTUAL_2025-09-01 2.csv
idx:590,per_step_refined_wide_UMCP_ACTUAL_2025-09-01 2.csv
idx:591,per_step_refined_wide_UMCP_ACTUAL_2025-09-01 2.csv
idx:592,per_step_refined_wide_UMCP_ACTUAL_2025-09-01 2.csv
idx:593,per_step_refined_wide_UMCP_ACTUAL_2025-09-01 2.csv
idx:594,per_step_refined_wide_UMCP_ACTUAL_2025-09-01 2.csv
idx:595,per_step_refined_wide_UMCP_ACTUAL_2025-09-01 2.csv
idx:596,per_step_refined_wide_UMCP_ACTUAL_2025-09-01 2.csv
idx:597,per_step_refined_wide_UMCP_ACTUAL_2025-09-01 2.csv
idx:598,per_step_refined_wide_UMCP_ACTUAL_2025-09-01 2.csv
idx:599,per_step_refined_wide_UMCP_ACTUAL_2025-09-01 2.csv
idx:6,per_step_refined_wide_UMCP_ACTUAL_2025-09-01 2.csv
idx:60,per_step_refined_wide_UMCP_ACTUAL_2025-09-01 2.csv
idx:600,per_step_refined_wide_UMCP_ACTUAL_2025-09-01 2.csv
idx:601,per_step_refined_wide_UMCP_ACTUAL_2025-09-01 2.csv
idx:602,per_step_refined_wide_UMCP_ACTUAL_2025-09-01 2.csv
idx:603,per_step_refined_wide_UMCP_ACTUAL_2025-09-01 2.csv
idx:604,per_step_refined_wide_UMCP_ACTUAL_2025-09-01 2.csv
idx:605,per_step_refined_wide_UMCP_ACTUAL_2025-09-01 2.csv
idx:606,per_step_refined_wide_UMCP_ACTUAL_2025-09-01 2.csv
idx:607,per_step_refined_wide_UMCP_ACTUAL_2025-09-01 2.csv
idx:608,per_step_refined_wide_UMCP_ACTUAL_2025-09-01 2.csv
idx:609,per_step_refined_wide_UMCP_ACTUAL_2025-09-01 2.csv
idx:61,per_step_refined_wide_UMCP_ACTUAL_2025-09-01 2.csv
idx:610,per_step_refined_wide_UMCP_ACTUAL_2025-09-01 2.csv
idx:611,per_step_refined_wide_UMCP_ACTUAL_2025-09-01 2.csv
idx:612,per_step_refined_wide_UMCP_ACTUAL_2025-09-01 2.csv
idx:613,per_step_refined_wide_UMCP_ACTUAL_2025-09-01 2.csv
idx:614,per_step_refined_wide_UMCP_ACTUAL_2025-09-01 2.csv
idx:615,per_step_refined_wide_UMCP_ACTUAL_2025-09-01 2.csv
idx:616,per_step_refined_wide_UMCP_ACTUAL_2025-09-01 2.csv
idx:617,per_step_refined_wide_UMCP_ACTUAL_2025-09-01 2.csv
idx:618,per_step_refined_wide_UMCP_ACTUAL_2025-09-01 2.csv
idx:619,per_step_refined_wide_UMCP_ACTUAL_2025-09-01 2.csv
idx:62,per_step_refined_wide_UMCP_ACTUAL_2025-09-01 2.csv
idx:620,per_step_refined_wide_UMCP_ACTUAL_2025-09-01 2.csv
idx:621,per_step_refined_wide_UMCP_ACTUAL_2025-09-01 2.csv
idx:622,per_step_refined_wide_UMCP_ACTUAL_2025-09-01 2.csv
idx:623,per_step_refined_wide_UMCP_ACTUAL_2025-09-01 2.csv
idx:624,per_step_refined_wide_UMCP_ACTUAL_2025-09-01 2.csv
idx:625,per_step_refined_wide_UMCP_ACTUAL_2025-09-01 2.csv
idx:626,per_step_refined_wide_UMCP_ACTUAL_2025-09-01 2.csv
idx:627,per_step_refined_wide_UMCP_ACTUAL_2025-09-01 2.csv
idx:628,per_step_refined_wide_UMCP_ACTUAL_2025-09-01 2.csv
idx:629,per_step_refined_wide_UMCP_ACTUAL_2025-09-01 2.csv
idx:63,per_step_refined_wide_UMCP_ACTUAL_2025-09-01 2.csv
idx:630,per_step_refined_wide_UMCP_ACTUAL_2025-09-01 2.csv
idx:631,per_step_refined_wide_UMCP_ACTUAL_2025-09-01 2.csv
idx:632,per_step_refined_wide_UMCP_ACTUAL_2025-09-01 2.csv
idx:633,per_step_refined_wide_UMCP_ACTUAL_2025-09-01 2.csv
idx:634,per_step_refined_wide_UMCP_ACTUAL_2025-09-01 2.csv
idx:635,per_step_refined_wide_UMCP_ACTUAL_2025-09-01 2.csv
idx:636,per_step_refined_wide_UMCP_ACTUAL_2025-09-01 2.csv
idx:637,per_step_refined_wide_UMCP_ACTUAL_2025-09-01 2.csv
idx:638,per_step_refined_wide_UMCP_ACTUAL_2025-09-01 2.csv
idx:639,per_step_refined_wide_UMCP_ACTUAL_2025-09-01 2.csv
idx:64,per_step_refined_wide_UMCP_ACTUAL_2025-09-01 2.csv
idx:640,per_step_refined_wide_UMCP_ACTUAL_2025-09-01 2.csv
idx:641,per_step_refined_wide_UMCP_ACTUAL_2025-09-01 2.csv
idx:642,per_step_refined_wide_UMCP_ACTUAL_2025-09-01 2.csv
idx:643,per_step_refined_wide_UMCP_ACTUAL_2025-09-01 2.csv
idx:644,per_step_refined_wide_UMCP_ACTUAL_2025-09-01 2.csv
idx:645,per_step_refined_wide_UMCP_ACTUAL_2025-09-01 2.csv
idx:646,per_step_refined_wide_UMCP_ACTUAL_2025-09-01 2.csv
idx:647,per_step_refined_wide_UMCP_ACTUAL_2025-09-01 2.csv
idx:648,per_step_refined_wide_UMCP_ACTUAL_2025-09-01 2.csv
idx:649,per_step_refined_wide_UMCP_ACTUAL_2025-09-01 2.csv
idx:65,per_step_refined_wide_UMCP_ACTUAL_2025-09-01 2.csv
idx:650,per_step_refined_wide_UMCP_ACTUAL_2025-09-01 2.csv
idx:651,per_step_refined_wide_UMCP_ACTUAL_2025-09-01 2.csv
idx:652,per_step_refined_wide_UMCP_ACTUAL_2025-09-01 2.csv
idx:653,per_step_refined_wide_UMCP_ACTUAL_2025-09-01 2.csv
idx:654,per_step_refined_wide_UMCP_ACTUAL_2025-09-01 2.csv
idx:655,per_step_refined_wide_UMCP_ACTUAL_2025-09-01 2.csv
idx:656,per_step_refined_wide_UMCP_ACTUAL_2025-09-01 2.csv
idx:657,per_step_refined_wide_UMCP_ACTUAL_2025-09-01 2.csv
idx:658,per_step_refined_wide_UMCP_ACTUAL_2025-09-01 2.csv
idx:659,per_step_refined_wide_UMCP_ACTUAL_2025-09-01 2.csv
idx:66,per_step_refined_wide_UMCP_ACTUAL_2025-09-01 2.csv
idx:660,per_step_refined_wide_UMCP_ACTUAL_2025-09-01 2.csv
idx:661,per_step_refined_wide_UMCP_ACTUAL_2025-09-01 2.csv
idx:662,per_step_refined_wide_UMCP_ACTUAL_2025-09-01 2.csv
idx:663,per_step_refined_wide_UMCP_ACTUAL_2025-09-01 2.csv
idx:664,per_step_refined_wide_UMCP_ACTUAL_2025-09-01 2.csv
idx:665,per_step_refined_wide_UMCP_ACTUAL_2025-09-01 2.csv
idx:666,per_step_refined_wide_UMCP_ACTUAL_2025-09-01 2.csv
idx:667,per_step_refined_wide_UMCP_ACTUAL_2025-09-01 2.csv
idx:668,per_step_refined_wide_UMCP_ACTUAL_2025-09-01 2.csv
idx:669,per_step_refined_wide_UMCP_ACTUAL_2025-09-01 2.csv
idx:67,per_step_refined_wide_UMCP_ACTUAL_2025-09-01 2.csv
idx:670,per_step_refined_wide_UMCP_ACTUAL_2025-09-01 2.csv
idx:671,per_step_refined_wide_UMCP_ACTUAL_2025-09-01 2.csv
idx:672,per_step_refined_wide_UMCP_ACTUAL_2025-09-01 2.csv
idx:673,per_step_refined_wide_UMCP_ACTUAL_2025-09-01 2.csv
idx:674,per_step_refined_wide_UMCP_ACTUAL_2025-09-01 2.csv
idx:675,per_step_refined_wide_UMCP_ACTUAL_2025-09-01 2.csv
idx:676,per_step_refined_wide_UMCP_ACTUAL_2025-09-01 2.csv
idx:677,per_step_refined_wide_UMCP_ACTUAL_2025-09-01 2.csv
idx:678,per_step_refined_wide_UMCP_ACTUAL_2025-09-01 2.csv
idx:679,per_step_refined_wide_UMCP_ACTUAL_2025-09-01 2.csv
idx:68,per_step_refined_wide_UMCP_ACTUAL_2025-09-01 2.csv
idx:680,per_step_refined_wide_UMCP_ACTUAL_2025-09-01 2.csv
idx:681,per_step_refined_wide_UMCP_ACTUAL_2025-09-01 2.csv
idx:682,per_step_refined_wide_UMCP_ACTUAL_2025-09-01 2.csv
idx:683,per_step_refined_wide_UMCP_ACTUAL_2025-09-01 2.csv
idx:684,per_step_refined_wide_UMCP_ACTUAL_2025-09-01 2.csv
idx:685,per_step_refined_wide_UMCP_ACTUAL_2025-09-01 2.csv
idx:686,per_step_refined_wide_UMCP_ACTUAL_2025-09-01 2.csv
idx:687,per_step_refined_wide_UMCP_ACTUAL_2025-09-01 2.csv
idx:688,per_step_refined_wide_UMCP_ACTUAL_2025-09-01 2.csv
idx:689,per_step_refined_wide_UMCP_ACTUAL_2025-09-01 2.csv
idx:69,per_step_refined_wide_UMCP_ACTUAL_2025-09-01 2.csv
idx:690,per_step_refined_wide_UMCP_ACTUAL_2025-09-01 2.csv
idx:691,per_step_refined_wide_UMCP_ACTUAL_2025-09-01 2.csv
idx:692,per_step_refined_wide_UMCP_ACTUAL_2025-09-01 2.csv
idx:693,per_step_refined_wide_UMCP_ACTUAL_2025-09-01 2.csv
idx:694,per_step_refined_wide_UMCP_ACTUAL_2025-09-01 2.csv
idx:695,per_step_refined_wide_UMCP_ACTUAL_2025-09-01 2.csv
idx:696,per_step_refined_wide_UMCP_ACTUAL_2025-09-01 2.csv
idx:697,per_step_refined_wide_UMCP_ACTUAL_2025-09-01 2.csv
idx:698,per_step_refined_wide_UMCP_ACTUAL_2025-09-01 2.csv
idx:699,per_step_refined_wide_UMCP_ACTUAL_2025-09-01 2.csv
idx:7,per_step_refined_wide_UMCP_ACTUAL_2025-09-01 2.csv
idx:70,per_step_refined_wide_UMCP_ACTUAL_2025-09-01 2.csv
idx:700,per_step_refined_wide_UMCP_ACTUAL_2025-09-01 2.csv
idx:701,per_step_refined_wide_UMCP_ACTUAL_2025-09-01 2.csv
idx:702,per_step_refined_wide_UMCP_ACTUAL_2025-09-01 2.csv
idx:703,per_step_refined_wide_UMCP_ACTUAL_2025-09-01 2.csv
idx:704,per_step_refined_wide_UMCP_ACTUAL_2025-09-01 2.csv
idx:705,per_step_refined_wide_UMCP_ACTUAL_2025-09-01 2.csv
idx:706,per_step_refined_wide_UMCP_ACTUAL_2025-09-01 2.csv
idx:707,per_step_refined_wide_UMCP_ACTUAL_2025-09-01 2.csv
idx:708,per_step_refined_wide_UMCP_ACTUAL_2025-09-01 2.csv
idx:709,per_step_refined_wide_UMCP_ACTUAL_2025-09-01 2.csv
idx:71,per_step_refined_wide_UMCP_ACTUAL_2025-09-01 2.csv
idx:710,per_step_refined_wide_UMCP_ACTUAL_2025-09-01 2.csv
idx:711,per_step_refined_wide_UMCP_ACTUAL_2025-09-01 2.csv
idx:712,per_step_refined_wide_UMCP_ACTUAL_2025-09-01 2.csv
idx:713,per_step_refined_wide_UMCP_ACTUAL_2025-09-01 2.csv
idx:714,per_step_refined_wide_UMCP_ACTUAL_2025-09-01 2.csv
idx:715,per_step_refined_wide_UMCP_ACTUAL_2025-09-01 2.csv
idx:716,per_step_refined_wide_UMCP_ACTUAL_2025-09-01 2.csv
idx:717,per_step_refined_wide_UMCP_ACTUAL_2025-09-01 2.csv
idx:718,per_step_refined_wide_UMCP_ACTUAL_2025-09-01 2.csv
idx:719,per_step_refined_wide_UMCP_ACTUAL_2025-09-01 2.csv
idx:72,per_step_refined_wide_UMCP_ACTUAL_2025-09-01 2.csv
idx:720,per_step_refined_wide_UMCP_ACTUAL_2025-09-01 2.csv
idx:721,per_step_refined_wide_UMCP_ACTUAL_2025-09-01 2.csv
idx:722,per_step_refined_wide_UMCP_ACTUAL_2025-09-01 2.csv
idx:723,per_step_refined_wide_UMCP_ACTUAL_2025-09-01 2.csv
idx:724,per_step_refined_wide_UMCP_ACTUAL_2025-09-01 2.csv
idx:725,per_step_refined_wide_UMCP_ACTUAL_2025-09-01 2.csv
idx:726,per_step_refined_wide_UMCP_ACTUAL_2025-09-01 2.csv
idx:727,per_step_refined_wide_UMCP_ACTUAL_2025-09-01 2.csv
idx:728,per_step_refined_wide_UMCP_ACTUAL_2025-09-01 2.csv
idx:729,per_step_refined_wide_UMCP_ACTUAL_2025-09-01 2.csv
idx:73,per_step_refined_wide_UMCP_ACTUAL_2025-09-01 2.csv
idx:730,per_step_refined_wide_UMCP_ACTUAL_2025-09-01 2.csv
idx:731,per_step_refined_wide_UMCP_ACTUAL_2025-09-01 2.csv
idx:732,per_step_refined_wide_UMCP_ACTUAL_2025-09-01 2.csv
idx:733,per_step_refined_wide_UMCP_ACTUAL_2025-09-01 2.csv
idx:734,per_step_refined_wide_UMCP_ACTUAL_2025-09-01 2.csv
idx:735,per_step_refined_wide_UMCP_ACTUAL_2025-09-01 2.csv
idx:736,per_step_refined_wide_UMCP_ACTUAL_2025-09-01 2.csv
idx:737,per_step_refined_wide_UMCP_ACTUAL_2025-09-01 2.csv
idx:738,per_step_refined_wide_UMCP_ACTUAL_2025-09-01 2.csv
idx:739,per_step_refined_wide_UMCP_ACTUAL_2025-09-01 2.csv
idx:74,per_step_refined_wide_UMCP_ACTUAL_2025-09-01 2.csv
idx:740,per_step_refined_wide_UMCP_ACTUAL_2025-09-01 2.csv
idx:741,per_step_refined_wide_UMCP_ACTUAL_2025-09-01 2.csv
idx:742,per_step_refined_wide_UMCP_ACTUAL_2025-09-01 2.csv
idx:743,per_step_refined_wide_UMCP_ACTUAL_2025-09-01 2.csv
idx:744,per_step_refined_wide_UMCP_ACTUAL_2025-09-01 2.csv
idx:745,per_step_refined_wide_UMCP_ACTUAL_2025-09-01 2.csv
idx:746,per_step_refined_wide_UMCP_ACTUAL_2025-09-01 2.csv
idx:747,per_step_refined_wide_UMCP_ACTUAL_2025-09-01 2.csv
idx:748,per_step_refined_wide_UMCP_ACTUAL_2025-09-01 2.csv
idx:749,per_step_refined_wide_UMCP_ACTUAL_2025-09-01 2.csv
idx:75,per_step_refined_wide_UMCP_ACTUAL_2025-09-01 2.csv
idx:750,per_step_refined_wide_UMCP_ACTUAL_2025-09-01 2.csv
idx:751,per_step_refined_wide_UMCP_ACTUAL_2025-09-01 2.csv
idx:752,per_step_refined_wide_UMCP_ACTUAL_2025-09-01 2.csv
idx:753,per_step_refined_wide_UMCP_ACTUAL_2025-09-01 2.csv
idx:754,per_step_refined_wide_UMCP_ACTUAL_2025-09-01 2.csv
idx:755,per_step_refined_wide_UMCP_ACTUAL_2025-09-01 2.csv
idx:756,per_step_refined_wide_UMCP_ACTUAL_2025-09-01 2.csv
idx:757,per_step_refined_wide_UMCP_ACTUAL_2025-09-01 2.csv
idx:758,per_step_refined_wide_UMCP_ACTUAL_2025-09-01 2.csv
idx:759,per_step_refined_wide_UMCP_ACTUAL_2025-09-01 2.csv
idx:76,per_step_refined_wide_UMCP_ACTUAL_2025-09-01 2.csv
idx:760,per_step_refined_wide_UMCP_ACTUAL_2025-09-01 2.csv
idx:761,per_step_refined_wide_UMCP_ACTUAL_2025-09-01 2.csv
idx:762,per_step_refined_wide_UMCP_ACTUAL_2025-09-01 2.csv
idx:763,per_step_refined_wide_UMCP_ACTUAL_2025-09-01 2.csv
idx:764,per_step_refined_wide_UMCP_ACTUAL_2025-09-01 2.csv
idx:765,per_step_refined_wide_UMCP_ACTUAL_2025-09-01 2.csv
idx:766,per_step_refined_wide_UMCP_ACTUAL_2025-09-01 2.csv
idx:767,per_step_refined_wide_UMCP_ACTUAL_2025-09-01 2.csv
idx:768,per_step_refined_wide_UMCP_ACTUAL_2025-09-01 2.csv
idx:769,per_step_refined_wide_UMCP_ACTUAL_2025-09-01 2.csv
idx:77,per_step_refined_wide_UMCP_ACTUAL_2025-09-01 2.csv
idx:770,per_step_refined_wide_UMCP_ACTUAL_2025-09-01 2.csv
idx:771,per_step_refined_wide_UMCP_ACTUAL_2025-09-01 2.csv
idx:772,per_step_refined_wide_UMCP_ACTUAL_2025-09-01 2.csv
idx:773,per_step_refined_wide_UMCP_ACTUAL_2025-09-01 2.csv
idx:774,per_step_refined_wide_UMCP_ACTUAL_2025-09-01 2.csv
idx:775,per_step_refined_wide_UMCP_ACTUAL_2025-09-01 2.csv
idx:776,per_step_refined_wide_UMCP_ACTUAL_2025-09-01 2.csv
idx:777,per_step_refined_wide_UMCP_ACTUAL_2025-09-01 2.csv
idx:778,per_step_refined_wide_UMCP_ACTUAL_2025-09-01 2.csv
idx:779,per_step_refined_wide_UMCP_ACTUAL_2025-09-01 2.csv
idx:78,per_step_refined_wide_UMCP_ACTUAL_2025-09-01 2.csv
idx:780,per_step_refined_wide_UMCP_ACTUAL_2025-09-01 2.csv
idx:781,per_step_refined_wide_UMCP_ACTUAL_2025-09-01 2.csv
idx:782,per_step_refined_wide_UMCP_ACTUAL_2025-09-01 2.csv
idx:783,per_step_refined_wide_UMCP_ACTUAL_2025-09-01 2.csv
idx:784,per_step_refined_wide_UMCP_ACTUAL_2025-09-01 2.csv
idx:785,per_step_refined_wide_UMCP_ACTUAL_2025-09-01 2.csv
idx:786,per_step_refined_wide_UMCP_ACTUAL_2025-09-01 2.csv
idx:787,per_step_refined_wide_UMCP_ACTUAL_2025-09-01 2.csv
idx:788,per_step_refined_wide_UMCP_ACTUAL_2025-09-01 2.csv
idx:789,per_step_refined_wide_UMCP_ACTUAL_2025-09-01 2.csv
idx:79,per_step_refined_wide_UMCP_ACTUAL_2025-09-01 2.csv
idx:790,per_step_refined_wide_UMCP_ACTUAL_2025-09-01 2.csv
idx:791,per_step_refined_wide_UMCP_ACTUAL_2025-09-01 2.csv
idx:792,per_step_refined_wide_UMCP_ACTUAL_2025-09-01 2.csv
idx:793,per_step_refined_wide_UMCP_ACTUAL_2025-09-01 2.csv
idx:794,per_step_refined_wide_UMCP_ACTUAL_2025-09-01 2.csv
idx:795,per_step_refined_wide_UMCP_ACTUAL_2025-09-01 2.csv
idx:796,per_step_refined_wide_UMCP_ACTUAL_2025-09-01 2.csv
idx:797,per_step_refined_wide_UMCP_ACTUAL_2025-09-01 2.csv
idx:798,per_step_refined_wide_UMCP_ACTUAL_2025-09-01 2.csv
idx:799,per_step_refined_wide_UMCP_ACTUAL_2025-09-01 2.csv
idx:8,per_step_refined_wide_UMCP_ACTUAL_2025-09-01 2.csv
idx:80,per_step_refined_wide_UMCP_ACTUAL_2025-09-01 2.csv
idx:800,per_step_refined_wide_UMCP_ACTUAL_2025-09-01 2.csv
idx:801,per_step_refined_wide_UMCP_ACTUAL_2025-09-01 2.csv
idx:802,per_step_refined_wide_UMCP_ACTUAL_2025-09-01 2.csv
idx:803,per_step_refined_wide_UMCP_ACTUAL_2025-09-01 2.csv
idx:804,per_step_refined_wide_UMCP_ACTUAL_2025-09-01 2.csv
idx:805,per_step_refined_wide_UMCP_ACTUAL_2025-09-01 2.csv
idx:806,per_step_refined_wide_UMCP_ACTUAL_2025-09-01 2.csv
idx:807,per_step_refined_wide_UMCP_ACTUAL_2025-09-01 2.csv
idx:808,per_step_refined_wide_UMCP_ACTUAL_2025-09-01 2.csv
idx:809,per_step_refined_wide_UMCP_ACTUAL_2025-09-01 2.csv
idx:81,per_step_refined_wide_UMCP_ACTUAL_2025-09-01 2.csv
idx:810,per_step_refined_wide_UMCP_ACTUAL_2025-09-01 2.csv
idx:811,per_step_refined_wide_UMCP_ACTUAL_2025-09-01 2.csv
idx:812,per_step_refined_wide_UMCP_ACTUAL_2025-09-01 2.csv
idx:813,per_step_refined_wide_UMCP_ACTUAL_2025-09-01 2.csv
idx:814,per_step_refined_wide_UMCP_ACTUAL_2025-09-01 2.csv
idx:815,per_step_refined_wide_UMCP_ACTUAL_2025-09-01 2.csv
idx:816,per_step_refined_wide_UMCP_ACTUAL_2025-09-01 2.csv
idx:817,per_step_refined_wide_UMCP_ACTUAL_2025-09-01 2.csv
idx:818,per_step_refined_wide_UMCP_ACTUAL_2025-09-01 2.csv
idx:819,per_step_refined_wide_UMCP_ACTUAL_2025-09-01 2.csv
idx:82,per_step_refined_wide_UMCP_ACTUAL_2025-09-01 2.csv
idx:820,per_step_refined_wide_UMCP_ACTUAL_2025-09-01 2.csv
idx:821,per_step_refined_wide_UMCP_ACTUAL_2025-09-01 2.csv
idx:822,per_step_refined_wide_UMCP_ACTUAL_2025-09-01 2.csv
idx:823,per_step_refined_wide_UMCP_ACTUAL_2025-09-01 2.csv
idx:824,per_step_refined_wide_UMCP_ACTUAL_2025-09-01 2.csv
idx:825,per_step_refined_wide_UMCP_ACTUAL_2025-09-01 2.csv
idx:826,per_step_refined_wide_UMCP_ACTUAL_2025-09-01 2.csv
idx:827,per_step_refined_wide_UMCP_ACTUAL_2025-09-01 2.csv
idx:828,per_step_refined_wide_UMCP_ACTUAL_2025-09-01 2.csv
idx:829,per_step_refined_wide_UMCP_ACTUAL_2025-09-01 2.csv
idx:83,per_step_refined_wide_UMCP_ACTUAL_2025-09-01 2.csv
idx:830,per_step_refined_wide_UMCP_ACTUAL_2025-09-01 2.csv
idx:831,per_step_refined_wide_UMCP_ACTUAL_2025-09-01 2.csv
idx:832,per_step_refined_wide_UMCP_ACTUAL_2025-09-01 2.csv
idx:833,per_step_refined_wide_UMCP_ACTUAL_2025-09-01 2.csv
idx:834,per_step_refined_wide_UMCP_ACTUAL_2025-09-01 2.csv
idx:835,per_step_refined_wide_UMCP_ACTUAL_2025-09-01 2.csv
idx:836,per_step_refined_wide_UMCP_ACTUAL_2025-09-01 2.csv
idx:837,per_step_refined_wide_UMCP_ACTUAL_2025-09-01 2.csv
idx:838,per_step_refined_wide_UMCP_ACTUAL_2025-09-01 2.csv
idx:839,per_step_refined_wide_UMCP_ACTUAL_2025-09-01 2.csv
idx:84,per_step_refined_wide_UMCP_ACTUAL_2025-09-01 2.csv
idx:840,per_step_refined_wide_UMCP_ACTUAL_2025-09-01 2.csv
idx:841,per_step_refined_wide_UMCP_ACTUAL_2025-09-01 2.csv
idx:842,per_step_refined_wide_UMCP_ACTUAL_2025-09-01 2.csv
idx:843,per_step_refined_wide_UMCP_ACTUAL_2025-09-01 2.csv
idx:844,per_step_refined_wide_UMCP_ACTUAL_2025-09-01 2.csv
idx:845,per_step_refined_wide_UMCP_ACTUAL_2025-09-01 2.csv
idx:846,per_step_refined_wide_UMCP_ACTUAL_2025-09-01 2.csv
idx:847,per_step_refined_wide_UMCP_ACTUAL_2025-09-01 2.csv
idx:848,per_step_refined_wide_UMCP_ACTUAL_2025-09-01 2.csv
idx:849,per_step_refined_wide_UMCP_ACTUAL_2025-09-01 2.csv
idx:85,per_step_refined_wide_UMCP_ACTUAL_2025-09-01 2.csv
idx:850,per_step_refined_wide_UMCP_ACTUAL_2025-09-01 2.csv
idx:851,per_step_refined_wide_UMCP_ACTUAL_2025-09-01 2.csv
idx:852,per_step_refined_wide_UMCP_ACTUAL_2025-09-01 2.csv
idx:853,per_step_refined_wide_UMCP_ACTUAL_2025-09-01 2.csv
idx:854,per_step_refined_wide_UMCP_ACTUAL_2025-09-01 2.csv
idx:855,per_step_refined_wide_UMCP_ACTUAL_2025-09-01 2.csv
idx:856,per_step_refined_wide_UMCP_ACTUAL_2025-09-01 2.csv
idx:857,per_step_refined_wide_UMCP_ACTUAL_2025-09-01 2.csv
idx:858,per_step_refined_wide_UMCP_ACTUAL_2025-09-01 2.csv
idx:859,per_step_refined_wide_UMCP_ACTUAL_2025-09-01 2.csv
idx:86,per_step_refined_wide_UMCP_ACTUAL_2025-09-01 2.csv
idx:860,per_step_refined_wide_UMCP_ACTUAL_2025-09-01 2.csv
idx:861,per_step_refined_wide_UMCP_ACTUAL_2025-09-01 2.csv
idx:862,per_step_refined_wide_UMCP_ACTUAL_2025-09-01 2.csv
idx:863,per_step_refined_wide_UMCP_ACTUAL_2025-09-01 2.csv
idx:864,per_step_refined_wide_UMCP_ACTUAL_2025-09-01 2.csv
idx:865,per_step_refined_wide_UMCP_ACTUAL_2025-09-01 2.csv
idx:866,per_step_refined_wide_UMCP_ACTUAL_2025-09-01 2.csv
idx:867,per_step_refined_wide_UMCP_ACTUAL_2025-09-01 2.csv
idx:868,per_step_refined_wide_UMCP_ACTUAL_2025-09-01 2.csv
idx:869,per_step_refined_wide_UMCP_ACTUAL_2025-09-01 2.csv
idx:87,per_step_refined_wide_UMCP_ACTUAL_2025-09-01 2.csv
idx:870,per_step_refined_wide_UMCP_ACTUAL_2025-09-01 2.csv
idx:871,per_step_refined_wide_UMCP_ACTUAL_2025-09-01 2.csv
idx:872,per_step_refined_wide_UMCP_ACTUAL_2025-09-01 2.csv
idx:873,per_step_refined_wide_UMCP_ACTUAL_2025-09-01 2.csv
idx:874,per_step_refined_wide_UMCP_ACTUAL_2025-09-01 2.csv
idx:875,per_step_refined_wide_UMCP_ACTUAL_2025-09-01 2.csv
idx:876,per_step_refined_wide_UMCP_ACTUAL_2025-09-01 2.csv
idx:877,per_step_refined_wide_UMCP_ACTUAL_2025-09-01 2.csv
idx:878,per_step_refined_wide_UMCP_ACTUAL_2025-09-01 2.csv
idx:879,per_step_refined_wide_UMCP_ACTUAL_2025-09-01 2.csv
idx:88,per_step_refined_wide_UMCP_ACTUAL_2025-09-01 2.csv
idx:880,per_step_refined_wide_UMCP_ACTUAL_2025-09-01 2.csv
idx:881,per_step_refined_wide_UMCP_ACTUAL_2025-09-01 2.csv
idx:882,per_step_refined_wide_UMCP_ACTUAL_2025-09-01 2.csv
idx:883,per_step_refined_wide_UMCP_ACTUAL_2025-09-01 2.csv
idx:884,per_step_refined_wide_UMCP_ACTUAL_2025-09-01 2.csv
idx:885,per_step_refined_wide_UMCP_ACTUAL_2025-09-01 2.csv
idx:886,per_step_refined_wide_UMCP_ACTUAL_2025-09-01 2.csv
idx:887,per_step_refined_wide_UMCP_ACTUAL_2025-09-01 2.csv
idx:888,per_step_refined_wide_UMCP_ACTUAL_2025-09-01 2.csv
idx:889,per_step_refined_wide_UMCP_ACTUAL_2025-09-01 2.csv
idx:89,per_step_refined_wide_UMCP_ACTUAL_2025-09-01 2.csv
idx:890,per_step_refined_wide_UMCP_ACTUAL_2025-09-01 2.csv
idx:891,per_step_refined_wide_UMCP_ACTUAL_2025-09-01 2.csv
idx:892,per_step_refined_wide_UMCP_ACTUAL_2025-09-01 2.csv
idx:893,per_step_refined_wide_UMCP_ACTUAL_2025-09-01 2.csv
idx:894,per_step_refined_wide_UMCP_ACTUAL_2025-09-01 2.csv
idx:895,per_step_refined_wide_UMCP_ACTUAL_2025-09-01 2.csv
idx:896,per_step_refined_wide_UMCP_ACTUAL_2025-09-01 2.csv
idx:897,per_step_refined_wide_UMCP_ACTUAL_2025-09-01 2.csv
idx:898,per_step_refined_wide_UMCP_ACTUAL_2025-09-01 2.csv
idx:899,per_step_refined_wide_UMCP_ACTUAL_2025-09-01 2.csv
idx:9,per_step_refined_wide_UMCP_ACTUAL_2025-09-01 2.csv
idx:90,per_step_refined_wide_UMCP_ACTUAL_2025-09-01 2.csv
idx:900,per_step_refined_wide_UMCP_ACTUAL_2025-09-01 2.csv
idx:901,per_step_refined_wide_UMCP_ACTUAL_2025-09-01 2.csv
idx:902,per_step_refined_wide_UMCP_ACTUAL_2025-09-01 2.csv
idx:903,per_step_refined_wide_UMCP_ACTUAL_2025-09-01 2.csv
idx:904,per_step_refined_wide_UMCP_ACTUAL_2025-09-01 2.csv
idx:905,per_step_refined_wide_UMCP_ACTUAL_2025-09-01 2.csv
idx:906,per_step_refined_wide_UMCP_ACTUAL_2025-09-01 2.csv
idx:907,per_step_refined_wide_UMCP_ACTUAL_2025-09-01 2.csv
idx:908,per_step_refined_wide_UMCP_ACTUAL_2025-09-01 2.csv
idx:909,per_step_refined_wide_UMCP_ACTUAL_2025-09-01 2.csv
idx:91,per_step_refined_wide_UMCP_ACTUAL_2025-09-01 2.csv
idx:910,per_step_refined_wide_UMCP_ACTUAL_2025-09-01 2.csv
idx:911,per_step_refined_wide_UMCP_ACTUAL_2025-09-01 2.csv
idx:912,per_step_refined_wide_UMCP_ACTUAL_2025-09-01 2.csv
idx:913,per_step_refined_wide_UMCP_ACTUAL_2025-09-01 2.csv
idx:914,per_step_refined_wide_UMCP_ACTUAL_2025-09-01 2.csv
idx:915,per_step_refined_wide_UMCP_ACTUAL_2025-09-01 2.csv
idx:916,per_step_refined_wide_UMCP_ACTUAL_2025-09-01 2.csv
idx:917,per_step_refined_wide_UMCP_ACTUAL_2025-09-01 2.csv
idx:918,per_step_refined_wide_UMCP_ACTUAL_2025-09-01 2.csv
idx:919,per_step_refined_wide_UMCP_ACTUAL_2025-09-01 2.csv
idx:92,per_step_refined_wide_UMCP_ACTUAL_2025-09-01 2.csv
idx:920,per_step_refined_wide_UMCP_ACTUAL_2025-09-01 2.csv
idx:921,per_step_refined_wide_UMCP_ACTUAL_2025-09-01 2.csv
idx:922,per_step_refined_wide_UMCP_ACTUAL_2025-09-01 2.csv
idx:923,per_step_refined_wide_UMCP_ACTUAL_2025-09-01 2.csv
idx:924,per_step_refined_wide_UMCP_ACTUAL_2025-09-01 2.csv
idx:925,per_step_refined_wide_UMCP_ACTUAL_2025-09-01 2.csv
idx:926,per_step_refined_wide_UMCP_ACTUAL_2025-09-01 2.csv
idx:927,per_step_refined_wide_UMCP_ACTUAL_2025-09-01 2.csv
idx:928,per_step_refined_wide_UMCP_ACTUAL_2025-09-01 2.csv
idx:929,per_step_refined_wide_UMCP_ACTUAL_2025-09-01 2.csv
idx:93,per_step_refined_wide_UMCP_ACTUAL_2025-09-01 2.csv
idx:930,per_step_refined_wide_UMCP_ACTUAL_2025-09-01 2.csv
idx:931,per_step_refined_wide_UMCP_ACTUAL_2025-09-01 2.csv
idx:932,per_step_refined_wide_UMCP_ACTUAL_2025-09-01 2.csv
idx:933,per_step_refined_wide_UMCP_ACTUAL_2025-09-01 2.csv
idx:934,per_step_refined_wide_UMCP_ACTUAL_2025-09-01 2.csv
idx:935,per_step_refined_wide_UMCP_ACTUAL_2025-09-01 2.csv
idx:936,per_step_refined_wide_UMCP_ACTUAL_2025-09-01 2.csv
idx:937,per_step_refined_wide_UMCP_ACTUAL_2025-09-01 2.csv
idx:938,per_step_refined_wide_UMCP_ACTUAL_2025-09-01 2.csv
idx:939,per_step_refined_wide_UMCP_ACTUAL_2025-09-01 2.csv
idx:94,per_step_refined_wide_UMCP_ACTUAL_2025-09-01 2.csv
idx:940,per_step_refined_wide_UMCP_ACTUAL_2025-09-01 2.csv
idx:941,per_step_refined_wide_UMCP_ACTUAL_2025-09-01 2.csv
idx:942,per_step_refined_wide_UMCP_ACTUAL_2025-09-01 2.csv
idx:943,per_step_refined_wide_UMCP_ACTUAL_2025-09-01 2.csv
idx:944,per_step_refined_wide_UMCP_ACTUAL_2025-09-01 2.csv
idx:945,per_step_refined_wide_UMCP_ACTUAL_2025-09-01 2.csv
idx:946,per_step_refined_wide_UMCP_ACTUAL_2025-09-01 2.csv
idx:947,per_step_refined_wide_UMCP_ACTUAL_2025-09-01 2.csv
idx:948,per_step_refined_wide_UMCP_ACTUAL_2025-09-01 2.csv
idx:949,per_step_refined_wide_UMCP_ACTUAL_2025-09-01 2.csv
idx:95,per_step_refined_wide_UMCP_ACTUAL_2025-09-01 2.csv
idx:950,per_step_refined_wide_UMCP_ACTUAL_2025-09-01 2.csv
idx:951,per_step_refined_wide_UMCP_ACTUAL_2025-09-01 2.csv
idx:952,per_step_refined_wide_UMCP_ACTUAL_2025-09-01 2.csv
idx:953,per_step_refined_wide_UMCP_ACTUAL_2025-09-01 2.csv
idx:954,per_step_refined_wide_UMCP_ACTUAL_2025-09-01 2.csv
idx:955,per_step_refined_wide_UMCP_ACTUAL_2025-09-01 2.csv
idx:956,per_step_refined_wide_UMCP_ACTUAL_2025-09-01 2.csv
idx:957,per_step_refined_wide_UMCP_ACTUAL_2025-09-01 2.csv
idx:958,per_step_refined_wide_UMCP_ACTUAL_2025-09-01 2.csv
idx:959,per_step_refined_wide_UMCP_ACTUAL_2025-09-01 2.csv
idx:96,per_step_refined_wide_UMCP_ACTUAL_2025-09-01 2.csv
idx:960,per_step_refined_wide_UMCP_ACTUAL_2025-09-01 2.csv
idx:961,per_step_refined_wide_UMCP_ACTUAL_2025-09-01 2.csv
idx:962,per_step_refined_wide_UMCP_ACTUAL_2025-09-01 2.csv
idx:963,per_step_refined_wide_UMCP_ACTUAL_2025-09-01 2.csv
idx:964,per_step_refined_wide_UMCP_ACTUAL_2025-09-01 2.csv
idx:965,per_step_refined_wide_UMCP_ACTUAL_2025-09-01 2.csv
idx:966,per_step_refined_wide_UMCP_ACTUAL_2025-09-01 2.csv
idx:967,per_step_refined_wide_UMCP_ACTUAL_2025-09-01 2.csv
idx:968,per_step_refined_wide_UMCP_ACTUAL_2025-09-01 2.csv
idx:969,per_step_refined_wide_UMCP_ACTUAL_2025-09-01 2.csv
idx:97,per_step_refined_wide_UMCP_ACTUAL_2025-09-01 2.csv
idx:970,per_step_refined_wide_UMCP_ACTUAL_2025-09-01 2.csv
idx:971,per_step_refined_wide_UMCP_ACTUAL_2025-09-01 2.csv
idx:972,per_step_refined_wide_UMCP_ACTUAL_2025-09-01 2.csv
idx:973,per_step_refined_wide_UMCP_ACTUAL_2025-09-01 2.csv
idx:974,per_step_refined_wide_UMCP_ACTUAL_2025-09-01 2.csv
idx:975,per_step_refined_wide_UMCP_ACTUAL_2025-09-01 2.csv
idx:976,per_step_refined_wide_UMCP_ACTUAL_2025-09-01 2.csv
idx:977,per_step_refined_wide_UMCP_ACTUAL_2025-09-01 2.csv
idx:978,per_step_refined_wide_UMCP_ACTUAL_2025-09-01 2.csv
idx:979,per_step_refined_wide_UMCP_ACTUAL_2025-09-01 2.csv
idx:98,per_step_refined_wide_UMCP_ACTUAL_2025-09-01 2.csv
idx:980,per_step_refined_wide_UMCP_ACTUAL_2025-09-01 2.csv
idx:981,per_step_refined_wide_UMCP_ACTUAL_2025-09-01 2.csv
idx:982,per_step_refined_wide_UMCP_ACTUAL_2025-09-01 2.csv
idx:983,per_step_refined_wide_UMCP_ACTUAL_2025-09-01 2.csv
idx:984,per_step_refined_wide_UMCP_ACTUAL_2025-09-01 2.csv
idx:985,per_step_refined_wide_UMCP_ACTUAL_2025-09-01 2.csv
idx:986,per_step_refined_wide_UMCP_ACTUAL_2025-09-01 2.csv
idx:987,per_step_refined_wide_UMCP_ACTUAL_2025-09-01 2.csv
idx:988,per_step_refined_wide_UMCP_ACTUAL_2025-09-01 2.csv
idx:989,per_step_refined_wide_UMCP_ACTUAL_2025-09-01 2.csv
idx:99,per_step_refined_wide_UMCP_ACTUAL_2025-09-01 2.csv
idx:990,per_step_refined_wide_UMCP_ACTUAL_2025-09-01 2.csv
idx:991,per_step_refined_wide_UMCP_ACTUAL_2025-09-01 2.csv
idx:992,per_step_refined_wide_UMCP_ACTUAL_2025-09-01 2.csv
idx:993,per_step_refined_wide_UMCP_ACTUAL_2025-09-01 2.csv
idx:994,per_step_refined_wide_UMCP_ACTUAL_2025-09-01 2.csv
idx:995,per_step_refined_wide_UMCP_ACTUAL_2025-09-01 2.csv
idx:996,per_step_refined_wide_UMCP_ACTUAL_2025-09-01 2.csv
idx:997,per_step_refined_wide_UMCP_ACTUAL_2025-09-01 2.csv
idx:998,per_step_refined_wide_UMCP_ACTUAL_2025-09-01 2.csv
idx:999,per_step_refined_wide_UMCP_ACTUAL_2025-09-01 2.csv
